일시,태양광 이용률,합계전천일사량(MJ/m2)
2015-01-01,13.36,8.42
2015-01-02,13.36,7.96
2015-01-03,12.5,7.15
2015-01-04,7.17,5.38
2015-01-05,8.48,5.89
2015-01-06,15.8,8.88
2015-01-07,15.32,8.74
2015-01-08,14.81,8.68
2015-01-09,9.79,5.72
2015-01-10,13.91,8.52
2015-01-11,13.14,8.64
2015-01-12,13.79,8.63
2015-01-13,10.76,7.56
2015-01-14,4.17,3.3
2015-01-15,10.98,7.02
2015-01-16,2.94,2.33
2015-01-17,15.88,9.49
2015-01-18,7.68,4.84
2015-01-19,7.47,7.94
2015-01-20,12.93,8.1
2015-01-21,5.86,4.85
2015-01-22,8.25,4.73
2015-01-23,7.74,3.46
2015-01-24,10.17,6.68
2015-01-25,2.32,1.74
2015-01-26,3.44,2.09
2015-01-27,16.71,10.13
2015-01-28,15.37,8.82
2015-01-29,5.13,4.07
2015-01-30,15.27,9.39
2015-01-31,17.64,10.53
2015-02-01,17.62,10.79
2015-02-02,15.11,9.38
2015-02-03,12.71,8.27
2015-02-04,12.36,9.09
2015-02-05,13.98,9.29
2015-02-06,16.19,10.03
2015-02-07,9.55,5.54
2015-02-08,18.61,11.74
2015-02-09,14.22,9.06
2015-02-10,9.69,8.18
2015-02-11,14.22,9.41
2015-02-12,19.75,12.06
2015-02-13,19.76,12.18
2015-02-14,5.76,4.3
2015-02-15,12.34,8.47
2015-02-16,1.63,1.31
2015-02-17,5.88,3.9
2015-02-18,5.19,2.69
2015-02-19,16.47,11.85
2015-02-20,14.81,10.84
2015-02-21,2.67,2.15
2015-02-22,9.53,5.92
2015-02-23,16.2,10.68
2015-02-24,18.41,12.41
2015-02-25,15.28,11.03
2015-02-26,19.16,11.93
2015-02-27,20.9,13.57
2015-02-28,8.22,6.02
2015-03-01,12.3,7.58
2015-03-02,20.78,13.62
2015-03-03,6.18,3.67
2015-03-04,22.69,14.28
2015-03-05,18.18,12.48
2015-03-06,21.61,14.71
2015-03-07,21.52,14.77
2015-03-08,17.89,12.71
2015-03-09,21.43,14.49
2015-03-10,24.99,16.5
2015-03-11,17.33,11.82
2015-03-12,23.23,15.93
2015-03-13,21.67,15.53
2015-03-14,21.49,15.12
2015-03-15,19.1,14.17
2015-03-16,19.77,14.6
2015-03-17,8.27,7.38
2015-03-18,3.81,3.01
2015-03-19,21.27,15.18
2015-03-20,19.52,13.99
2015-03-21,18.6,14.03
2015-03-22,21.7,14.42
2015-03-23,24.18,17.77
2015-03-24,23.91,17.65
2015-03-25,23.34,17.36
2015-03-26,23,17.43
2015-03-27,21.63,16.73
2015-03-28,21.66,16.6
2015-03-29,14.41,8.37
2015-03-30,20.63,16.12
2015-03-31,2.92,2.16
2015-04-01,14.68,12.36
2015-04-02,13.93,12.61
2015-04-03,8.7,5.19
2015-04-04,14.69,11.8
2015-04-05,3.27,2.06
2015-04-06,9.93,7.55
2015-04-07,11.84,9.89
2015-04-08,16.99,12.52
2015-04-09,20.61,14.84
2015-04-10,23.83,18.18
2015-04-11,22.89,18.12
2015-04-12,13.49,10.32
2015-04-13,13.08,7.44
2015-04-14,5.63,3.85
2015-04-15,19.48,15.73
2015-04-16,5.41,4.27
2015-04-17,24.54,20.08
2015-04-18,21.22,16.29
2015-04-19,3.68,2.42
2015-04-20,10.16,7.75
2015-04-21,24.63,20.79
2015-04-22,21.4,18.12
2015-04-23,24.26,20.1
2015-04-24,24.72,20.18
2015-04-25,25.44,21.05
2015-04-26,23.14,19.4
2015-04-27,23.89,20
2015-04-28,19.42,15.38
2015-04-29,6.31,4.31
2015-04-30,22.93,18.61
2015-05-01,23.1,19.9
2015-05-02,16.39,14.57
2015-05-03,5.69,4.17
2015-05-04,25.62,21.22
2015-05-05,26.48,22.8
2015-05-06,17.11,15.02
2015-05-07,20.3,18.84
2015-05-08,16.02,13.65
2015-05-09,21.6,20.8
2015-05-10,23.89,21.8
2015-05-11,13.54,10.51
2015-05-12,17.27,14.68
2015-05-13,25.1,21.97
2015-05-14,21.73,19.82
2015-05-15,11.34,7.38
2015-05-16,26.06,23.61
2015-05-17,23.52,21.45
2015-05-18,15.21,11.84
2015-05-19,5.75,3.21
2015-05-20,25.01,23.4
2015-05-21,25.92,23.29
2015-05-22,25.13,22.42
2015-05-23,24.43,22.89
2015-05-24,25.89,23.71
2015-05-25,24.31,22.85
2015-05-26,24.73,23.9
2015-05-27,25.01,23.7
2015-05-28,22.98,21.51
2015-05-29,19.03,17.77
2015-05-30,9.67,7.74
2015-05-31,21.4,21.5
2015-06-01,20.51,19.93
2015-06-02,21.85,20.43
2015-06-03,25.54,23.61
2015-06-04,22.56,20.83
2015-06-05,7.78,6.64
2015-06-06,22.89,21.29
2015-06-07,21.4,21.07
2015-06-08,14.86,12.96
2015-06-09,20.39,19.26
2015-06-10,22.95,21.84
2015-06-11,11.76,9.82
2015-06-12,22.28,21.37
2015-06-13,15.91,14.59
2015-06-14,19.21,16.79
2015-06-15,19.79,17.56
2015-06-16,20.84,21.45
2015-06-17,17.07,13.46
2015-06-18,19.67,16.49
2015-06-19,19.47,18.7
2015-06-20,4.15,3.93
2015-06-21,22.53,22.36
2015-06-22,22.18,20.12
2015-06-23,22.39,21.5
2015-06-24,19.08,17.37
2015-06-25,11.62,8.74
2015-06-26,10.68,8.99
2015-06-27,22.71,19.87
2015-06-28,23.05,22.47
2015-06-29,22.21,21.57
2015-06-30,13.03,14.11
2015-07-01,21.59,22.17
2015-07-02,19.21,17.79
2015-07-03,19.87,20.9
2015-07-04,21.58,20.89
2015-07-05,20.49,21.11
2015-07-06,21.64,21.54
2015-07-07,13.12,11.71
2015-07-08,9.04,7.93
2015-07-09,13.84,12.91
2015-07-10,17.83,15.45
2015-07-11,18.13,17.56
2015-07-12,4.74,4.19
2015-07-13,4.72,5
2015-07-14,19.94,18.36
2015-07-15,19.45,18.39
2015-07-16,21.33,19.54
2015-07-17,20.45,18.54
2015-07-18,11.37,8.13
2015-07-19,12.67,10.51
2015-07-20,10.38,10.41
2015-07-21,10.89,7.76
2015-07-22,13.49,10.59
2015-07-23,9.63,7.6
2015-07-24,3.7,1.74
2015-07-25,2.71,2.72
2015-07-26,15.53,18.41
2015-07-27,10.21,8.29
2015-07-28,17.69,15.86
2015-07-29,4.9,5.23
2015-07-30,15.34,15.34
2015-07-31,15.8,15.49
2015-08-01,14.56,14
2015-08-02,8.65,8.57
2015-08-03,14.65,16.1
2015-08-04,15.6,14.28
2015-08-05,15.52,17.95
2015-08-06,19.27,19.4
2015-08-07,19.15,16.24
2015-08-08,13.28,13.6
2015-08-09,17.56,15.45
2015-08-10,16.08,12.67
2015-08-11,12.76,12.55
2015-08-12,19.91,18.62
2015-08-13,16.24,15.85
2015-08-14,18.75,17.67
2015-08-15,17.53,16.1
2015-08-16,9.84,7.01
2015-08-17,19.68,18.89
2015-08-18,20.17,18.39
2015-08-19,11.89,10.29
2015-08-20,9.27,8.92
2015-08-21,11.35,9.83
2015-08-22,13.32,10.49
2015-08-23,18.45,16.52
2015-08-24,12.68,10.27
2015-08-25,4.56,3.59
2015-08-26,14.12,13.75
2015-08-27,21.63,19.11
2015-08-28,15.69,11.83
2015-08-29,19.19,16.65
2015-08-30,19.99,18.48
2015-08-31,18.32,16.37
2015-09-01,15.52,14.86
2015-09-02,10.68,8.78
2015-09-03,15.82,11.81
2015-09-04,17.51,16.24
2015-09-05,6.03,6.67
2015-09-06,11.35,10.83
2015-09-07,21.87,18.87
2015-09-08,22.71,19.68
2015-09-09,22.9,19.37
2015-09-10,21.29,17.83
2015-09-11,8.86,6.73
2015-09-12,12.28,10.4
2015-09-13,22.38,18.42
2015-09-14,19.29,16.32
2015-09-15,20.77,17.43
2015-09-16,19.66,16.09
2015-09-17,21.42,17.79
2015-09-18,20.1,15.74
2015-09-19,19.68,15.06
2015-09-20,15.01,13.77
2015-09-21,17.92,14.04
2015-09-22,19.02,16.14
2015-09-23,7.65,5.6
2015-09-24,16.9,13.24
2015-09-25,16.05,12.68
2015-09-26,14.25,11.78
2015-09-27,19.84,15.87
2015-09-28,14.51,13.22
2015-09-29,19.57,15.86
2015-09-30,11.41,8.89
2015-10-01,1.52,1.52
2015-10-02,17.69,14.29
2015-10-03,18,14.3
2015-10-04,15.66,11.96
2015-10-05,19.39,14.41
2015-10-06,17.96,13.51
2015-10-07,13.61,10.92
2015-10-08,16.31,12.26
2015-10-09,20.54,15.3
2015-10-10,7.45,4.56
2015-10-11,6.23,4.15
2015-10-12,19.17,13.59
2015-10-13,18.49,13.65
2015-10-14,16.91,12.35
2015-10-15,16.63,12.06
2015-10-16,14.32,9.03
2015-10-17,16.05,11.81
2015-10-18,13.23,10.1
2015-10-19,12.02,10.16
2015-10-20,11.93,9.37
2015-10-21,10.08,8.39
2015-10-22,10,9.14
2015-10-23,8.52,9.85
2015-10-24,12.7,8.92
2015-10-25,15.91,11.32
2015-10-26,7.87,6.46
2015-10-27,10.87,8.64
2015-10-28,16.47,11.47
2015-10-29,14.86,10.74
2015-10-30,18.15,12.3
2015-10-31,17.16,12.13
2015-11-01,8.72,7.16
2015-11-02,10.61,9.1
2015-11-03,13.11,9.84
2015-11-04,13.77,10.17
2015-11-05,11.64,8
2015-11-06,9.97,7.77
2015-11-07,1.29,1.42
2015-11-08,1.68,1.55
2015-11-09,4.6,2.44
2015-11-10,7.03,6.01
2015-11-11,9.74,8.14
2015-11-12,12.64,9.71
2015-11-13,1.32,1.23
2015-11-14,2.38,1.55
2015-11-15,9.33,8.13
2015-11-16,2.51,2.59
2015-11-17,12.31,8.88
2015-11-18,0.98,1.04
2015-11-19,2.59,2.28
2015-11-20,6.76,4.34
2015-11-21,10.57,6.91
2015-11-22,7.16,5.92
2015-11-23,3.26,2.84
2015-11-24,5.03,3.92
2015-11-25,1.57,2.11
2015-11-26,3.66,4.78
2015-11-27,6.36,4.41
2015-11-28,3.13,2.59
2015-11-29,1.5,1.04
2015-11-30,12.17,7.89
2015-12-01,12.85,7.8
2015-12-02,1.2,1.07
2015-12-03,2.05,1.87
2015-12-04,5.04,5.12
2015-12-05,9.28,7.6
2015-12-06,9.32,6.94
2015-12-07,10.62,8.1
2015-12-08,11.86,7.95
2015-12-09,9.36,6.55
2015-12-10,1.39,1.62
2015-12-11,10.16,6.33
2015-12-12,13.28,8.01
2015-12-13,12.33,7.45
2015-12-14,1.74,1.63
2015-12-15,4.74,3.35
2015-12-16,10.33,6.77
2015-12-17,13.82,8.52
2015-12-18,2.18,2.17
2015-12-19,11.45,7.92
2015-12-20,5.82,3.93
2015-12-21,3.14,2.3
2015-12-22,10.25,6.66
2015-12-23,7.16,4.94
2015-12-24,7.13,5.52
2015-12-25,14.14,8.43
2015-12-26,5.62,5.14
2015-12-27,14.31,8.64
2015-12-28,14.14,8.39
2015-12-29,10.75,6.91
2015-12-30,8.33,5.97
2015-12-31,7.12,5.52
2016-01-01,6.46,4.52
2016-01-02,6.58,4.15
2016-01-03,5.59,4.03
2016-01-04,12.57,7.48
2016-01-05,11.14,6.59
2016-01-06,6.36,4.87
2016-01-07,13.97,8.55
2016-01-08,13.71,8.63
2016-01-09,13.19,7.23
2016-01-10,12.17,7.75
2016-01-11,14.22,8.92
2016-01-12,14.43,9.05
2016-01-13,9.28,6.05
2016-01-14,9.75,8.2
2016-01-15,9.45,7.37
2016-01-16,5.14,4.01
2016-01-17,4.56,3.61
2016-01-18,10.9,7.04
2016-01-19,14.74,9.93
2016-01-20,11.46,7.71
2016-01-21,11.14,7.18
2016-01-22,10.76,7.9
2016-01-23,13.88,9.74
2016-01-24,13.84,9.51
2016-01-25,15.68,9.93
2016-01-26,7.16,5.77
2016-01-27,12.62,8.1
2016-01-28,6.7,5.61
2016-01-29,4.47,3.53
2016-01-30,11.11,7.65
2016-01-31,14.21,9.01
2016-02-01,16.91,10.73
2016-02-02,17.11,10.68
2016-02-03,14.81,9.84
2016-02-04,14.04,9.67
2016-02-05,14.18,9.42
2016-02-06,17.04,10.97
2016-02-07,17.59,11.36
2016-02-08,6.59,6.09
2016-02-09,16.77,11.77
2016-02-10,17.77,12
2016-02-11,9.85,7.46
2016-02-12,1.06,1.02
2016-02-13,3.97,3.76
2016-02-14,3.09,3.24
2016-02-15,20.17,13.18
2016-02-16,7.07,5.77
2016-02-17,19.02,13.01
2016-02-18,10.5,7.11
2016-02-19,5.11,3.41
2016-02-20,16.86,11.71
2016-02-21,18.75,13.62
2016-02-22,7.2,5.08
2016-02-23,17.24,11.37
2016-02-24,20.79,14.39
2016-02-25,14.38,9.74
2016-02-26,18.87,13.17
2016-02-27,11.41,9.51
2016-02-28,3.64,3.17
2016-02-29,4.59,10.43
2016-03-01,15.19,14.29
2016-03-02,10.94,10.06
2016-03-03,11.21,9
2016-03-04,16.65,13.31
2016-03-05,2.3,1.96
2016-03-06,18.15,13.65
2016-03-07,5.28,3.97
2016-03-08,8.9,5.79
2016-03-09,21.45,15.19
2016-03-10,23.15,16.58
2016-03-11,22.84,16.36
2016-03-12,14.13,10.52
2016-03-13,7.01,6.67
2016-03-14,17.25,13.25
2016-03-15,19.76,14.98
2016-03-16,20.44,15.49
2016-03-17,14.4,11.52
2016-03-18,13.88,10.56
2016-03-19,18.9,15.21
2016-03-20,17.96,15.13
2016-03-21,20.07,15.82
2016-03-22,18.79,15.24
2016-03-23,17.71,13.75
2016-03-24,22.04,17.2
2016-03-25,17.81,14.65
2016-03-26,18.7,14.41
2016-03-27,20.18,15.81
2016-03-28,20.65,16.66
2016-03-29,13.98,10.57
2016-03-30,20.22,16
2016-03-31,17.44,14.11
2016-04-01,20.26,16.69
2016-04-02,19.42,16.43
2016-04-03,3.85,2.94
2016-04-04,22.06,18.03
2016-04-05,22.35,18.81
2016-04-06,16.72,13.25
2016-04-07,17.72,14.79
2016-04-08,19.37,16.31
2016-04-09,6.45,5.91
2016-04-10,15.95,12.85
2016-04-11,22.98,19.2
2016-04-12,17.28,14.03
2016-04-13,13.74,10.31
2016-04-14,16.6,9.89
2016-04-15,22.97,19.4
2016-04-16,8.96,7.18
2016-04-17,17.72,15.25
2016-04-18,21.11,17.03
2016-04-19,23.61,19.46
2016-04-20,12.75,10.37
2016-04-21,7.83,7.27
2016-04-22,14.07,12.83
2016-04-23,17.27,13.8
2016-04-24,23.01,19.09
2016-04-25,22.62,19.59
2016-04-26,20.4,17.79
2016-04-27,6.76,4.69
2016-04-28,19.84,16.57
2016-04-29,22.84,20.2
2016-04-30,14.82,13.41
2016-05-01,19,17.36
2016-05-02,17.99,15.57
2016-05-03,1.89,1.6
2016-05-04,25.75,22.98
2016-05-05,22.24,20.52
2016-05-06,2.81,1.68
2016-05-07,24.28,21.46
2016-05-08,23.32,20.99
2016-05-09,16.59,16.42
2016-05-10,4.63,4.21
2016-05-11,24.38,22.25
2016-05-12,24.46,22.1
2016-05-13,23.7,21.15
2016-05-14,24.71,21.71
2016-05-15,13.02,11.07
2016-05-16,24.8,21.64
2016-05-17,24.84,22.87
2016-05-18,24.68,23.2
2016-05-19,24.2,22.89
2016-05-20,23.52,22.29
2016-05-21,23.81,22.5
2016-05-22,23.97,23.21
2016-05-23,19.02,17.5
2016-05-24,9.33,7.16
2016-05-25,17.21,14.46
2016-05-26,9.18,10.07
2016-05-27,19.17,17.33
2016-05-28,23.41,21.42
2016-05-29,19.01,17.77
2016-05-30,23.87,22.59
2016-05-31,21.75,20.72
2016-06-01,23.73,21.8
2016-06-02,23.89,23.55
2016-06-03,22.92,22.49
2016-06-04,10.74,7.74
2016-06-05,23.3,22.38
2016-06-06,15.39,15.55
2016-06-07,16.38,19.93
2016-06-08,19.25,19.28
2016-06-09,22.28,19.91
2016-06-10,21.11,20.55
2016-06-11,11.93,12.1
2016-06-12,13.51,13.18
2016-06-13,19.69,17.69
2016-06-14,18.79,17.2
2016-06-15,8.37,6.79
2016-06-16,16.4,17.42
2016-06-17,22.11,20.56
2016-06-18,22.77,22.37
2016-06-19,18.87,18.39
2016-06-20,17.93,18.2
2016-06-21,17.42,16.33
2016-06-22,11.97,11.62
2016-06-23,18.08,17.68
2016-06-24,10.06,8.7
2016-06-25,19.66,23.12
2016-06-26,23.59,23.61
2016-06-27,14.21,13.24
2016-06-28,21.3,20.29
2016-06-29,17.75,16.15
2016-06-30,10.57,7.42
2016-07-01,4.52,4.58
2016-07-02,13.08,10.79
2016-07-03,11.02,9.58
2016-07-04,4.37,2.87
2016-07-05,3.56,2.99
2016-07-06,13.16,11.33
2016-07-07,14.34,11.08
2016-07-08,21.56,22.75
2016-07-09,22.13,21.88
2016-07-10,19.64,19.7
2016-07-11,18.24,18.45
2016-07-12,14.06,13.99
2016-07-13,15.71,13.67
2016-07-14,18.12,13.79
2016-07-15,13.51,10.6
2016-07-16,3.03,2.05
2016-07-17,7.21,5.63
2016-07-18,15.7,15.15
2016-07-19,21.06,21.42
2016-07-20,19.77,16.9
2016-07-21,16.13,14.73
2016-07-22,19.64,19.64
2016-07-23,12.96,11.82
2016-07-24,9.11,9.45
2016-07-25,12.59,13.34
2016-07-26,14.42,14.28
2016-07-27,6.57,5.13
2016-07-28,18.9,17.54
2016-07-29,6.15,4.44
2016-07-30,14.72,15.01
2016-07-31,17.33,18.29
2016-08-01,13.85,14.28
2016-08-02,10.94,8.39
2016-08-03,20,18.16
2016-08-04,19.81,14.74
2016-08-05,20.25,18.03
2016-08-06,18.92,18.84
2016-08-07,20.03,20.15
2016-08-08,19.05,16.39
2016-08-09,17.47,16.54
2016-08-10,18.25,18.57
2016-08-11,19.85,18.79
2016-08-12,18.7,17.49
2016-08-13,18.38,19.04
2016-08-14,11.47,13.27
2016-08-15,16.7,16.87
2016-08-16,18.41,17.07
2016-08-17,18.09,15.93
2016-08-18,14.42,13.32
2016-08-19,12.48,13.66
2016-08-20,16.02,13.77
2016-08-21,17.21,16.91
2016-08-22,17.53,14.55
2016-08-23,14.72,14.24
2016-08-24,15.64,14.6
2016-08-25,14.1,15.03
2016-08-26,13.93,11.75
2016-08-27,21.48,19.51
2016-08-28,9.87,6.94
2016-08-29,17.24,16.14
2016-08-30,11.24,9.33
2016-08-31,3.99,3.55
2016-09-01,15.41,13.9
2016-09-02,16.76,16.19
2016-09-03,13.05,11.82
2016-09-04,11.96,10.91
2016-09-05,15.65,13.71
2016-09-06,13.6,11.93
2016-09-07,12.55,9.68
2016-09-08,12.28,4.04
2016-09-09,15.35,10.93
2016-09-10,14.28,10.09
2016-09-11,12.98,12
2016-09-12,14.29,10.61
2016-09-13,17.94,13.64
2016-09-14,14.62,11.95
2016-09-15,15.15,13.22
2016-09-16,12.31,10.34
2016-09-17,11.2,8.68
2016-09-18,14.92,14.13
2016-09-19,17.07,14.38
2016-09-20,21.84,17.18
2016-09-21,16.73,13.14
2016-09-22,16.95,14.18
2016-09-23,17.57,15.31
2016-09-24,17.17,14.87
2016-09-25,13.45,9.67
2016-09-26,9.89,7.9
2016-09-27,2.86,2.26
2016-09-28,5.35,4.42
2016-09-29,11.08,9.41
2016-09-30,8.84,4.23
2016-10-01,9.25,6.26
2016-10-02,2.6,2.09
2016-10-03,14.29,11.55
2016-10-04,18.77,15.45
2016-10-05,12.71,9.84
2016-10-06,18.39,14.99
2016-10-07,10.12,8.13
2016-10-08,13.68,11.09
2016-10-09,20.49,15.14
2016-10-10,18.08,13.03
2016-10-11,13.37,9.91
2016-10-12,16.63,12.57
2016-10-13,15.75,11.31
2016-10-14,14.1,10.89
2016-10-15,14.66,11.14
2016-10-16,3.7,2.86
2016-10-17,11.6,8.92
2016-10-18,12.61,7.15
2016-10-19,14.51,11.31
2016-10-20,13.76,11.14
2016-10-21,7.62,5.3
2016-10-22,9.14,6.82
2016-10-23,1.95,2.05
2016-10-24,17.66,12.33
2016-10-25,5.19,4.03
2016-10-26,5.42,5.72
2016-10-27,11.43,7.86
2016-10-28,6.28,3.98
2016-10-29,6.34,6.48
2016-10-30,18.43,12.35
2016-10-31,2.1,1.72
2016-11-01,18.58,12.09
2016-11-02,14.95,7.02
2016-11-03,12.37,9.04
2016-11-04,7.16,5.96
2016-11-05,6.22,6.2
2016-11-06,9.47,8.33
2016-11-07,6.64,5.49
2016-11-08,14.14,10.34
2016-11-09,16.9,10.9
2016-11-10,5.02,3.31
2016-11-11,13.15,8.32
2016-11-12,11.39,8.6
2016-11-13,7.32,5.45
2016-11-14,3.42,2.43
2016-11-15,16.21,10.44
2016-11-16,11.89,7.8
2016-11-17,12.44,8.1
2016-11-18,6.94,5.25
2016-11-19,7.34,3.65
2016-11-20,14.18,9.16
2016-11-21,3.41,2.76
2016-11-22,9.92,7.44
2016-11-23,12.13,7.7
2016-11-24,15.38,9.66
2016-11-25,11.69,7.24
2016-11-26,1.94,1.55
2016-11-27,4.95,5.42
2016-11-28,13.52,8.66
2016-11-29,14.26,8.68
2016-11-30,4.64,4.08
2016-12-01,13.63,8.43
2016-12-02,14.44,8.82
2016-12-03,12.47,7.94
2016-12-04,4.44,3.42
2016-12-05,4.57,4.44
2016-12-06,14.65,9.05
2016-12-07,6.87,5.73
2016-12-08,6.64,5.83
2016-12-09,11.13,6.86
2016-12-10,13.82,8.43
2016-12-11,13.75,8.42
2016-12-12,6.57,4.89
2016-12-13,8.01,4.67
2016-12-14,3.19,2.32
2016-12-15,13.52,8.66
2016-12-16,13.49,8.72
2016-12-17,7.75,5.4
2016-12-18,3,2.48
2016-12-19,5.04,4.03
2016-12-20,10.42,7.16
2016-12-21,6.53,4.82
2016-12-22,1.08,0.84
2016-12-23,1.62,2.4
2016-12-24,5.52,6.03
2016-12-25,10.17,6.7
2016-12-26,1.54,1.41
2016-12-27,12.31,8.24
2016-12-28,13.16,8.29
2016-12-29,12.89,8.68
2016-12-30,10.82,7.78
2016-12-31,6.03,4.46
2017-01-01,6.04,4.55
2017-01-02,5.95,4.94
2017-01-03,12.46,7.83
2017-01-04,12.09,7.67
2017-01-05,4.98,3.8
2017-01-06,11.7,7.25
2017-01-07,10.05,6.62
2017-01-08,7.7,5.5
2017-01-09,9.93,6.45
2017-01-10,11.64,7.29
2017-01-11,12.86,7.51
2017-01-12,11.37,6.04
2017-01-13,10.01,6.57
2017-01-14,16.24,9.82
2017-01-15,15.88,9.72
2017-01-16,15.17,9.45
2017-01-17,11.07,7.52
2017-01-18,5.73,4.67
2017-01-19,9.78,7.21
2017-01-20,3.1,6.96
2017-01-21,5.09,5.3
2017-01-22,9.32,10.12
2017-01-23,13.63,10.22
2017-01-24,15.04,10.5
2017-01-25,15.42,10.74
2017-01-26,9.64,8.13
2017-01-27,16.98,10.72
2017-01-28,13.94,8.37
2017-01-29,1.29,1.31
2017-01-30,7.43,11
2017-01-31,11.36,9.33
2017-02-01,16.06,11.22
2017-02-02,17.44,11.51
2017-02-03,14.02,9.92
2017-02-04,4.41,3.35
2017-02-05,2.84,2.21
2017-02-06,17.93,11.48
2017-02-07,10.2,7.43
2017-02-08,7.94,6.38
2017-02-09,16.5,10.67
2017-02-10,18.96,12.36
2017-02-11,19.09,12.19
2017-02-12,19.39,12.88
2017-02-13,11.07,7.07
2017-02-14,18.43,12.61
2017-02-15,14.81,10.49
2017-02-16,9.98,7.75
2017-02-17,19.67,12.65
2017-02-18,20.3,13.41
2017-02-19,8,6.06
2017-02-20,19.16,12.73
2017-02-21,19.49,13.18
2017-02-22,1.76,1.78
2017-02-23,20.69,14.11
2017-02-24,20.21,14
2017-02-25,19.86,14.69
2017-02-26,19.48,12.23
2017-02-27,20.55,14.07
2017-02-28,18.44,13.62
2017-03-01,7.49,6.62
2017-03-02,16.48,14.28
2017-03-03,18.56,14
2017-03-04,19.42,14.57
2017-03-05,13.47,11.32
2017-03-06,22.95,15.97
2017-03-07,23.03,16.2
2017-03-08,18.23,13.85
2017-03-09,19.83,14.77
2017-03-10,21.83,15.93
2017-03-11,20.5,15.39
2017-03-12,11.17,10.73
2017-03-13,20.79,14.9
2017-03-14,21.91,16.54
2017-03-15,21.72,15.93
2017-03-16,20.45,15.63
2017-03-17,20.32,15.4
2017-03-18,18.64,14.63
2017-03-19,20.35,15.7
2017-03-20,6.88,5.02
2017-03-21,17.85,15.33
2017-03-22,20.73,16.4
2017-03-23,17.47,14.35
2017-03-24,15.8,12.83
2017-03-25,11.37,10.72
2017-03-26,13.54,10.65
2017-03-27,11.22,12.1
2017-03-28,14.14,12.33
2017-03-29,19.82,15.91
2017-03-30,19.08,15.47
2017-03-31,5.7,6.15
2017-04-01,17.17,16.56
2017-04-02,21.26,18.69
2017-04-03,23.01,18.74
2017-04-04,20.42,16.83
2017-04-05,3.78,2.94
2017-04-06,8.25,5.07
2017-04-07,19.9,16.64
2017-04-08,16.82,14.5
2017-04-09,14.62,11.57
2017-04-10,24.31,20.25
2017-04-11,20.67,17.42
2017-04-12,24.7,20.4
2017-04-13,20.45,18.18
2017-04-14,10.32,8.03
2017-04-15,21.66,18.98
2017-04-16,18.27,15.38
2017-04-17,4.59,4.32
2017-04-18,8.86,7.62
2017-04-19,24.89,21.36
2017-04-20,11.22,8.49
2017-04-21,21.13,18.27
2017-04-22,23.11,20.97
2017-04-23,24.64,21.65
2017-04-24,23.5,20.68
2017-04-25,16.38,15.22
2017-04-26,24.75,21.72
2017-04-27,23.79,21.92
2017-04-28,21.57,20.04
2017-04-29,23.03,20.82
2017-04-30,20.69,19.06
2017-05-01,22.14,20.17
2017-05-02,19.37,17.56
2017-05-03,22.13,20.84
2017-05-04,17,15.71
2017-05-05,20.83,19.81
2017-05-06,22.62,20.63
2017-05-07,22.88,21.06
2017-05-08,15.48,14.09
2017-05-09,7.36,7.37
2017-05-10,14.24,17.03
2017-05-11,15.84,13.66
2017-05-12,7.48,6.13
2017-05-13,10.35,9.04
2017-05-14,24.38,24.09
2017-05-15,18.89,23.66
2017-05-16,18.32,16.95
2017-05-17,23.19,22.35
2017-05-18,22.07,20.93
2017-05-19,23.28,23.47
2017-05-20,21.41,20.48
2017-05-21,23.05,23.72
2017-05-22,20.99,21.89
2017-05-23,12.14,11.46
2017-05-24,21.28,21.32
2017-05-25,22.36,23.41
2017-05-26,22.44,23.21
2017-05-27,23.94,24.07
2017-05-28,21.22,20.23
2017-05-29,20.9,21.02
2017-05-30,19.59,18.81
2017-05-31,17.57,16.93
2017-06-01,17.82,20.37
2017-06-02,23.92,23.78
2017-06-03,23.36,23.97
2017-06-04,23.94,23.78
2017-06-05,23.57,23.26
2017-06-06,7.39,5.97
2017-06-07,3.44,2.48
2017-06-08,21.55,19.51
2017-06-09,18.17,15.78
2017-06-10,21.14,18.66
2017-06-11,24.95,24.36
2017-06-12,20.71,18.44
2017-06-13,18.33,17.17
2017-06-14,21.39,21.82
2017-06-15,22.66,21.92
2017-06-16,21.73,21.1
2017-06-17,21.8,21.43
2017-06-18,22.82,22.63
2017-06-19,19.99,19.76
2017-06-20,18.18,16.25
2017-06-21,21.03,22.07
2017-06-22,20.82,20.99
2017-06-23,21.51,22.28
2017-06-24,7.45,5.29
2017-06-25,15.31,15.18
2017-06-26,13.83,13.07
2017-06-27,18.6,18.83
2017-06-28,18.9,18.42
2017-06-29,20.03,18.02
2017-06-30,17.66,17.37
2017-07-01,10.51,7.98
2017-07-02,5.85,4.11
2017-07-03,6.93,3.94
2017-07-04,18.32,18.11
2017-07-05,19.55,18.99
2017-07-06,19.2,19.93
2017-07-07,6.81,5.21
2017-07-08,4.93,3.73
2017-07-09,10.19,9.89
2017-07-10,2.41,2.08
2017-07-11,15.69,16.1
2017-07-12,16.91,14.31
2017-07-13,18.42,18.07
2017-07-14,17.1,17.66
2017-07-15,5.58,2.78
2017-07-16,8.75,7.32
2017-07-17,8.98,7.97
2017-07-18,12.44,11.28
2017-07-19,17.58,18.48
2017-07-20,18.65,17.7
2017-07-21,12.25,10.63
2017-07-22,9.76,10.84
2017-07-23,2.82,2.01
2017-07-24,3.64,3.14
2017-07-25,19.13,18.73
2017-07-26,21.38,20.36
2017-07-27,11.73,10.77
2017-07-28,3.14,2.65
2017-07-29,11.84,12.4
2017-07-30,16.23,18.2
2017-07-31,3.64,2.76
2017-08-01,18.14,16.62
2017-08-02,15.87,13.51
2017-08-03,20.56,19.91
2017-08-04,19.62,20.2
2017-08-05,18.8,19.98
2017-08-06,12.15,9.22
2017-08-07,19.01,19.04
2017-08-08,14.38,14.18
2017-08-09,11.21,8.74
2017-08-10,6.31,3.6
2017-08-11,16.2,11.82
2017-08-12,18.62,15.07
2017-08-13,11.39,8.8
2017-08-14,6.13,4.94
2017-08-15,2.26,1.76
2017-08-16,8.04,8.46
2017-08-17,12.19,12.38
2017-08-18,12.87,13.58
2017-08-19,10.21,8.03
2017-08-20,4.68,5.17
2017-08-21,9.35,8.77
2017-08-22,17.71,16.67
2017-08-23,9.82,9.85
2017-08-24,5.24,4.53
2017-08-25,18.88,19.2
2017-08-26,22.44,20.63
2017-08-27,9.12,6.85
2017-08-28,6.73,5.45
2017-08-29,20.47,19.14
2017-08-30,9.31,7.46
2017-08-31,19.92,15.44
2017-09-01,22.35,19.98
2017-09-02,19.88,17.06
2017-09-03,19.51,16.82
2017-09-04,18.14,16.24
2017-09-05,5.32,4.41
2017-09-06,5.25,3.89
2017-09-07,14.92,15.07
2017-09-08,17.83,15.3
2017-09-09,15.12,13.9
2017-09-10,6.64,5.06
2017-09-11,8.47,7.26
2017-09-12,17.99,17.85
2017-09-13,21.82,18.48
2017-09-14,20.76,17.89
2017-09-15,20.02,16.07
2017-09-16,18.38,14.04
2017-09-17,19.33,15.87
2017-09-18,18.88,16.87
2017-09-19,7.89,7.25
2017-09-20,21.51,18.04
2017-09-21,19.83,17.06
2017-09-22,17.17,14.56
2017-09-23,12.63,9.89
2017-09-24,11.37,10.91
2017-09-25,15.99,14.37
2017-09-26,15.55,12.92
2017-09-27,8.08,7.79
2017-09-28,19.83,16.42
2017-09-29,18.39,14.38
2017-09-30,14.29,12.37
2017-10-01,4.59,3.69
2017-10-02,18.27,14.97
2017-10-03,11.9,9.43
2017-10-04,17.24,13.4
2017-10-05,12.19,9.85
2017-10-06,7.88,6.79
2017-10-07,13.82,10.98
2017-10-08,14.22,11.1
2017-10-09,13.17,13.4
2017-10-10,6.61,6.31
2017-10-11,5.25,4.12
2017-10-12,4.51,3.82
2017-10-13,15.58,12.2
2017-10-14,16.96,12.78
2017-10-15,16.18,11.94
2017-10-16,10.88,8.49
2017-10-17,17.4,13.03
2017-10-18,4.91,4.12
2017-10-19,15.57,11.71
2017-10-20,17.04,12.56
2017-10-21,16.83,12.62
2017-10-22,15.01,12.15
2017-10-23,16.56,12.17
2017-10-24,14.35,10.08
2017-10-25,15.94,11.52
2017-10-26,9.11,8.38
2017-10-27,15.06,10.96
2017-10-28,15.83,11.52
2017-10-29,13.97,10.57
2017-10-30,17.5,12.15
2017-10-31,16.07,11.64
2017-11-01,7.05,5.3
2017-11-02,4.91,4.46
2017-11-03,9.36,6.99
2017-11-04,14.25,10.54
2017-11-05,13.25,10.45
2017-11-06,12.83,9.87
2017-11-07,9.38,8.27
2017-11-08,13.08,9.04
2017-11-09,14.74,9.87
2017-11-10,4.05,3.63
2017-11-11,16.3,10.71
2017-11-12,13.99,9.42
2017-11-13,4.7,3.94
2017-11-14,14.53,9.71
2017-11-15,13.08,8.97
2017-11-16,15.45,9.88
2017-11-17,2.1,1.93
2017-11-18,16.45,10.41
2017-11-19,15.02,9.64
2017-11-20,8.25,6.17
2017-11-21,13.42,10
2017-11-22,6.45,5.42
2017-11-23,9.76,6.72
2017-11-24,8.08,6.65
2017-11-25,5.64,5.36
2017-11-26,10.27,8.14
2017-11-27,14.14,9.17
2017-11-28,8.03,5.58
2017-11-29,14.06,8.7
2017-11-30,14.88,9.08
2017-12-01,13.52,8.84
2017-12-02,11.52,8.78
2017-12-03,4.83,3.84
2017-12-04,14.54,8.88
2017-12-05,14.67,8.83
2017-12-06,10.18,7.5
2017-12-07,9.05,7.2
2017-12-08,14.07,8.68
2017-12-09,11.07,6.49
2017-12-10,3.32,2.8
2017-12-11,12.08,9
2017-12-12,13.22,8.8
2017-12-13,13.3,8.92
2017-12-14,7.29,6
2017-12-15,4.75,4.14
2017-12-16,12.05,7.74
2017-12-17,13.24,8.49
2017-12-18,3.82,5.36
2017-12-19,11.05,8.62
2017-12-20,6.27,4.48
2017-12-21,8.82,6.8
2017-12-22,7.22,5.19
2017-12-23,6.03,3
2017-12-24,0.97,0.98
2017-12-25,14.07,8.67
2017-12-26,13.66,8.85
2017-12-27,14.34,8.63
2017-12-28,7.88,6.19
2017-12-29,6.07,4.42
2017-12-30,4.71,3.57
2017-12-31,11.61,8.21
2018-01-01,11.92,7.56
2018-01-02,9.39,5.85
2018-01-03,14.19,8.67
2018-01-04,10.03,6.55
2018-01-05,12.33,7.85
2018-01-06,14.25,8.67
2018-01-07,6.33,4.79
2018-01-08,4.7,3.07
2018-01-09,7.67,7.32
2018-01-10,9.54,9.1
2018-01-11,11.52,8.68
2018-01-12,14.31,9.58
2018-01-13,4.28,4.14
2018-01-14,9.28,7.37
2018-01-15,10.79,7.59
2018-01-16,3.54,3.27
2018-01-17,6.89,4.36
2018-01-18,6.5,5.34
2018-01-19,14.09,8.83
2018-01-20,7.74,5.94
2018-01-21,11.83,8.06
2018-01-22,4.09,3.54
2018-01-23,11.36,10.69
2018-01-24,12.45,10.89
2018-01-25,11.79,9.72
2018-01-26,13.91,10.92
2018-01-27,13.66,10.46
2018-01-28,13.01,9.38
2018-01-29,16.38,10.55
2018-01-30,12.58,7.48
2018-01-31,5.81,5.62
2018-02-01,17.58,11.24
2018-02-02,15.76,10.14
2018-02-03,17.35,11.82
2018-02-04,18.19,11.63
2018-02-05,19.06,11.97
2018-02-06,18.85,11.92
2018-02-07,17.86,11.52
2018-02-08,16.69,10.94
2018-02-09,8.01,5.85
2018-02-10,11.87,9.35
2018-02-11,14.74,10.29
2018-02-12,14.37,11.08
2018-02-13,15.61,11.32
2018-02-14,8.54,6.18
2018-02-15,18.85,12.59
2018-02-16,17.12,11.62
2018-02-17,20.19,13.25
2018-02-18,12.31,8.43
2018-02-19,11.57,8.75
2018-02-20,15.2,9.45
2018-02-21,18.28,12.54
2018-02-22,12.48,7.77
2018-02-23,8.28,7.91
2018-02-24,15.19,11.09
2018-02-25,18.81,12.97
2018-02-26,20.05,14.1
2018-02-27,2.92,2.51
2018-02-28,1.55,1.29
2018-03-01,18.78,13.69
2018-03-02,21.03,15.12
2018-03-03,19.44,14.4
2018-03-04,5.67,4.29
2018-03-05,15.5,11.99
2018-03-06,20.95,15.02
2018-03-07,12.85,9.74
2018-03-08,10.89,6.85
2018-03-09,14.58,10.69
2018-03-10,17.93,13.94
2018-03-11,20.21,15.35
2018-03-12,16.08,12.79
2018-03-13,16.54,13.22
2018-03-14,15.81,13.98
2018-03-15,1.44,1.37
2018-03-16,22.48,16.51
2018-03-17,20.86,16.15
2018-03-18,7.22,6.32
2018-03-19,4.15,2.52
2018-03-20,16.35,11.96
2018-03-21,5.99,2.98
2018-03-22,22.5,17.5
2018-03-23,20.43,16.09
2018-03-24,15.94,13.01
2018-03-25,19.86,16.07
2018-03-26,18.7,15.67
2018-03-27,16.73,14.68
2018-03-28,15.62,13.4
2018-03-29,14.97,11.43
2018-03-30,19.24,15.18
2018-03-31,17.99,15.99
2018-04-01,7.45,4.78
2018-04-02,13.89,12.04
2018-04-03,9.73,8.76
2018-04-04,12.45,10.21
2018-04-05,2.26,2.21
2018-04-06,13.42,10.5
2018-04-07,20.81,18.24
2018-04-08,9.89,8.22
2018-04-09,20.3,17.65
2018-04-10,17.52,17.54
2018-04-11,24.33,24.1
2018-04-12,24.19,23.92
2018-04-13,12.75,12.99
2018-04-14,3.07,2.91
2018-04-15,17.82,18.79
2018-04-16,24.38,24.26
2018-04-17,22.92,22.73
2018-04-18,24.14,25.11
2018-04-19,22.28,22.8
2018-04-20,21.89,22.64
2018-04-21,24.07,25.55
2018-04-22,6.5,4.8
2018-04-23,2.36,2.33
2018-04-24,9.84,8.84
2018-04-25,24.12,25.01
2018-04-26,21.57,22.03
2018-04-27,21.87,22.27
2018-04-28,24.41,26.17
2018-04-29,22.6,23.82
2018-04-30,19.49,22.09
2018-05-01,12.34,13.33
2018-05-02,4.14,5.45
2018-05-03,18.34,22.13
2018-05-04,25.73,27.61
2018-05-05,19.81,20.36
2018-05-06,7.15,6.78
2018-05-07,16.98,17.89
2018-05-08,18.84,21.64
2018-05-09,24.55,26.81
2018-05-10,24.1,26.78
2018-05-11,16.99,19.03
2018-05-12,1.75,1.57
2018-05-13,15.73,13.44
2018-05-14,17.42,21
2018-05-15,19.17,20.58
2018-05-16,1.66,1.5
2018-05-17,4.42,4.19
2018-05-18,5.01,3.2
2018-05-19,25.94,29.14
2018-05-20,14.07,14.37
2018-05-21,21.46,24.55
2018-05-22,11.35,12.94
2018-05-23,25.72,29.08
2018-05-24,24.83,27.19
2018-05-25,22.73,24.82
2018-05-26,24.49,27.18
2018-05-27,14.79,15.06
2018-05-28,24.16,27.18
2018-05-29,14.5,14.08
2018-05-30,18.57,19.09
2018-05-31,23.98,26.24
2018-06-01,24.33,27.95
2018-06-02,24.82,28.65
2018-06-03,23.27,25.75
2018-06-04,18.92,21.59
2018-06-05,22.82,25.71
2018-06-06,22.44,26.16
2018-06-07,19.69,22.34
2018-06-08,16.5,22.49
2018-06-09,17.35,17.77
2018-06-10,12.92,15.44
2018-06-11,11.29,10.31
2018-06-12,22.14,23.69
2018-06-13,15.83,16.56
2018-06-14,11.55,13.43
2018-06-15,20.41,24.89
2018-06-16,22.95,28.6
2018-06-17,13.7,14.97
2018-06-18,20.59,26.9
2018-06-19,13.45,14.94
2018-06-20,19.86,26.18
2018-06-21,22.83,28.08
2018-06-22,23.66,27.36
2018-06-23,19.82,22.48
2018-06-24,22,26.04
2018-06-25,17.62,20.28
2018-06-26,1.65,1.76
2018-06-27,12.49,11.49
2018-06-28,8.04,6.04
2018-06-29,18.42,19.17
2018-06-30,11.32,13.79
2018-07-01,1.99,1.91
2018-07-02,6.6,6.16
2018-07-03,19.65,22.61
2018-07-04,20.44,24.07
2018-07-05,14.37,13.84
2018-07-06,15.27,15.82
2018-07-07,23.71,24.83
2018-07-08,21.59,24.62
2018-07-09,3.99,3.93
2018-07-10,7.4,7.23
2018-07-11,9.82,13.11
2018-07-12,13.63,15.26
2018-07-13,15.65,17.2
2018-07-14,19.43,23.27
2018-07-15,20.84,25.67
2018-07-16,22.23,27.3
2018-07-17,21.67,27.15
2018-07-18,22.16,26.27
2018-07-19,22.38,27.3
2018-07-20,21.89,25.64
2018-07-21,22.84,27.28
2018-07-22,21.54,24.59
2018-07-23,19.14,23.45
2018-07-24,19.96,23.62
2018-07-25,14.27,17.2
2018-07-26,15.34,18.44
2018-07-27,19.26,22.71
2018-07-28,14,11.75
2018-07-29,21.26,22.66
2018-07-30,20.35,20.99
2018-07-31,21.61,23.85
2018-08-01,21.91,25.39
2018-08-02,20.27,21.93
2018-08-03,20.22,23.73
2018-08-04,18.84,21.8
2018-08-05,18.03,24.02
2018-08-06,16.54,17.5
2018-08-07,17.79,18.01
2018-08-08,18.14,23.43
2018-08-09,12.67,16.5
2018-08-10,20.38,21.89
2018-08-11,19.24,16.83
2018-08-12,18.59,20.95
2018-08-13,17.1,19.61
2018-08-14,18.23,16.79
2018-08-15,19,22.08
2018-08-16,19.6,22.81
2018-08-17,23.32,26.06
2018-08-18,21.52,23.61
2018-08-19,18.53,22.09
2018-08-20,14.58,15.68
2018-08-21,10.74,9.71
2018-08-22,20.45,23.75
2018-08-23,7.39,9.54
2018-08-24,4.73,7.32
2018-08-25,13.02,14.3
2018-08-26,9.89,7.9
2018-08-27,7.7,5.35
2018-08-28,4.63,2.88
2018-08-29,7.3,10.31
2018-08-30,12.47,17.31
2018-08-31,17.13,17.78
2018-09-01,19.86,20.31
2018-09-02,18.24,20.81
2018-09-03,5.12,7.91
2018-09-04,19.07,20.4
2018-09-05,20.82,19.33
2018-09-06,11.3,11.35
2018-09-07,18.05,17.82
2018-09-08,22.69,22.69
2018-09-09,21.65,18.12
2018-09-10,19.7,20.16
2018-09-11,18.14,18.07
2018-09-12,20.13,21
2018-09-13,13.27,14.31
2018-09-14,8.94,6.67
2018-09-15,6.19,4.64
2018-09-16,6.7,6.42
2018-09-17,21.2,20.53
2018-09-18,15.9,16.6
2018-09-19,10.22,9.57
2018-09-20,3.15,3.21
2018-09-21,5.22,5.84
2018-09-22,20.49,19.54
2018-09-23,14.53,13.29
2018-09-24,22.2,20.57
2018-09-25,21.35,20.16
2018-09-26,17.34,15.61
2018-09-27,19.96,17.56
2018-09-28,9.25,8.84
2018-09-29,20.59,19.42
2018-09-30,18.77,18.64
2018-10-01,14.34,13.95
2018-10-02,19.66,18.45
2018-10-03,20,18.58
2018-10-04,18.31,17.08
2018-10-05,2.54,2.64
2018-10-06,6.18,6.44
2018-10-07,18.76,17.19
2018-10-08,16.4,13.59
2018-10-09,8.99,8.8
2018-10-10,14.57,11.94
2018-10-11,17.53,15.33
2018-10-12,20.27,17.42
2018-10-13,19.05,16.59
2018-10-14,17.62,16.07
2018-10-15,13.79,13.34
2018-10-16,12.43,11.13
2018-10-17,17.75,16.35
2018-10-18,12.35,12.18
2018-10-19,19.16,16.39
2018-10-20,18.12,15.48
2018-10-21,17.95,15.41
2018-10-22,12.16,11.26
2018-10-23,7.67,6.02
2018-10-24,15.98,14.39
2018-10-25,15.89,13.84
2018-10-26,3.04,3.19
2018-10-27,13.35,12.81
2018-10-28,5.99,6.08
2018-10-29,10.59,8.63
2018-10-30,18.22,14.51
2018-10-31,18.26,14.44
2018-11-01,17.44,13.86
2018-11-02,16.89,13.43
2018-11-03,16.53,13.25
2018-11-04,16.51,13.69
2018-11-05,13.59,11.25
2018-11-06,9.26,7.91
2018-11-07,4.33,5.75
2018-11-08,0.81,0.89
2018-11-09,10.77,9.46
2018-11-10,12.78,11.49
2018-11-11,3.82,3.69
2018-11-12,16.19,12.09
2018-11-13,14.51,11.42
2018-11-14,14.28,11.42
2018-11-15,11.55,9.51
2018-11-16,7.76,7.49
2018-11-17,11.17,9.52
2018-11-18,9.33,8.25
2018-11-19,9.66,9.68
2018-11-20,14.32,11.2
2018-11-21,2.45,2.28
2018-11-22,14.52,11.28
2018-11-23,14.28,10.94
2018-11-24,3.09,4.71
2018-11-25,7.91,8.62
2018-11-26,11.68,10.32
2018-11-27,4.62,3.99
2018-11-28,11.82,9.32
2018-11-29,3.74,4.19
2018-11-30,13.75,10.81
2018-12-01,12.06,9.03
2018-12-02,6.11,5.77
2018-12-03,0.84,0.77
2018-12-04,4.64,5.29
2018-12-05,9.06,8.78
2018-12-06,9.46,7.77
2018-12-07,14.63,10.84
2018-12-08,14.5,10.62
2018-12-09,14.51,10.76
2018-12-10,13.2,9.38
2018-12-11,3.42,3.56
2018-12-12,13.93,10.39
2018-12-13,4.62,4.81
2018-12-14,13.91,10.31
2018-12-15,11.95,9.25
2018-12-16,3.32,3.72
2018-12-17,11.37,8.88
2018-12-18,10.02,7.52
2018-12-19,11.46,8.57
2018-12-20,10.73,8.33
2018-12-21,7.29,5.97
2018-12-22,11.37,8.52
2018-12-23,12.64,9.51
2018-12-24,13.75,10
2018-12-25,6.15,4.21
2018-12-26,13.3,9.83
2018-12-27,14.24,10.36
2018-12-28,14.26,10.47
2018-12-29,14.25,10.47
2018-12-30,14.29,10.47
2018-12-31,12.18,9.7
2019-01-01,9.1,6.93
2019-01-02,13.72,10.03
2019-01-03,13.67,10.08
2019-01-04,7.36,5.5
2019-01-05,13.44,9.84
2019-01-06,12.84,9.77
2019-01-07,11,8.82
2019-01-08,13.77,10.26
2019-01-09,10.2,8.63
2019-01-10,6.52,4.82
2019-01-11,10.4,8.05
2019-01-12,7.77,7.06
2019-01-13,12.09,10.06
2019-01-14,5.61,5.29
2019-01-15,6.85,5.84
2019-01-16,13.3,10.49
2019-01-17,14.21,11.3
2019-01-18,13.61,10.68
2019-01-19,8.9,8.32
2019-01-20,15.23,11.62
2019-01-21,5.26,5.85
2019-01-22,11.79,9.79
2019-01-23,13.33,10.53
2019-01-24,15.17,11.7
2019-01-25,15.13,11.65
2019-01-26,16.1,12.4
2019-01-27,13.28,10.63
2019-01-28,15.06,11.9
2019-01-29,15.65,12.34
2019-01-30,11.78,10.3
2019-01-31,6.81,6.33
2019-02-01,13.09,10.88
2019-02-02,5.68,4.8
2019-02-03,0.47,0.56
2019-02-04,16.87,12.92
2019-02-05,14.29,11.78
2019-02-06,7.84,6.91
2019-02-07,17.58,13.46
2019-02-08,15.47,12.45
2019-02-09,16.98,13.66
2019-02-10,9.29,7.67
2019-02-11,18.74,14.49
2019-02-12,15.03,12.52
2019-02-13,17.01,13.72
2019-02-14,17.08,13.65
2019-02-15,3.34,3.45
2019-02-16,13.77,12.28
2019-02-17,20.18,15.98
2019-02-18,11.94,9.77
2019-02-19,2.09,4.17
2019-02-20,8.02,6.11
2019-02-21,16.85,15.02
2019-02-22,16.66,14.13
2019-02-23,18.92,15.62
2019-02-24,19.4,16.12
2019-02-25,15.99,12.6
2019-02-26,19.67,16.32
2019-02-27,13.17,10.97
2019-02-28,14.88,13.32
2019-03-01,17.67,15.29
2019-03-02,14.99,13.06
2019-03-03,15.39,13.23
2019-03-04,16.04,13.79
2019-03-05,10.12,10.24
2019-03-06,10.13,8.42
2019-03-07,17.72,15.66
2019-03-08,21.6,18.79
2019-03-09,15.84,15.17
2019-03-10,9.25,9.8
2019-03-11,9.73,8.8
2019-03-12,6.39,5.75
2019-03-13,21.09,18.4
2019-03-14,15.69,14.55
2019-03-15,11.15,10.98
2019-03-16,13.55,13.08
2019-03-17,20.95,18.49
2019-03-18,17.45,16.25
2019-03-19,16.86,16.45
2019-03-20,4.76,4.17
2019-03-21,9.91,11.36
2019-03-22,24.23,21.73
2019-03-23,14.07,12.64
2019-03-24,24.22,21.76
2019-03-25,12.22,16.04
2019-03-26,21.33,19.81
2019-03-27,12.37,13.61
2019-03-28,18.47,17.87
2019-03-29,21.85,20.97
2019-03-30,8.6,7.71
2019-03-31,10.89,9.22
2019-04-01,22.18,21.82
2019-04-02,23.86,22.62
2019-04-03,24.46,22.72
2019-04-04,23.9,23.04
2019-04-05,20.34,20.15
2019-04-06,6.88,6.63
2019-04-07,20.78,20.5
2019-04-08,23.55,22.48
2019-04-09,5.28,4.48
2019-04-10,6.74,7.12
2019-04-11,18.02,14.1
2019-04-12,23,23.86
2019-04-13,23.04,22.83
2019-04-14,8.83,8.93
2019-04-15,23.94,24.08
2019-04-16,21.96,22.77
2019-04-17,24.08,24.53
2019-04-18,7.41,8.46
2019-04-19,13.92,15.17
2019-04-20,17.01,17.12
2019-04-21,12.38,10.04
2019-04-22,22.42,23.58
2019-04-23,12.39,12.73
2019-04-24,16.97,18.68
2019-04-25,2.63,2.82
2019-04-26,4.09,3.02
2019-04-27,23.35,22.32
2019-04-28,12.04,10.7
2019-04-29,9.12,7.63
2019-04-30,21.51,22.41
2019-05-01,23.27,24.81
2019-05-02,25.39,27.28
2019-05-03,23.97,26.3
2019-05-04,19.8,20.95
2019-05-05,23.04,25.63
2019-05-06,25.84,28.71
2019-05-07,25.22,27.63
2019-05-08,21.57,24.17
2019-05-09,23.17,25.62
2019-05-10,23.38,25.91
2019-05-11,22.86,25.31
2019-05-12,20.2,22.04
2019-05-13,9.92,11.01
2019-05-14,22.66,24.89
2019-05-15,20.2,22.71
2019-05-16,22.24,25.48
2019-05-17,13.36,14.17
2019-05-18,13.66,15.24
2019-05-19,6.72,6.97
2019-05-20,22.54,25.57
2019-05-21,26.34,29.06
2019-05-22,25.21,27.97
2019-05-23,24.62,27.8
2019-05-24,23.14,26.3
2019-05-25,17.9,20.66
2019-05-26,22.62,25.99
2019-05-27,2.61,2.65
2019-05-28,24.09,26.16
2019-05-29,24.8,28.99
2019-05-30,17.14,18.64
2019-05-31,24.24,28.55
2019-06-01,19.86,18.99
2019-06-02,23.59,26.92
2019-06-03,22.85,26.32
2019-06-04,22.89,26.61
2019-06-05,19.85,23.58
2019-06-06,5.99,6.36
2019-06-07,11,12.43
2019-06-08,20.78,22.48
2019-06-09,16.6,19.02
2019-06-10,12.75,16.92
2019-06-11,22.22,23.54
2019-06-12,23.7,25.44
2019-06-13,23.85,27.71
2019-06-14,16.96,18.83
2019-06-15,21.85,24.77
2019-06-16,21.34,23.47
2019-06-17,21.76,25.39
2019-06-18,9.85,12.19
2019-06-19,11.06,14.75
2019-06-20,17.79,19.76
2019-06-21,15.18,17.58
2019-06-22,23.33,25.8
2019-06-23,22.97,27.06
2019-06-24,23.12,28.28
2019-06-25,23.35,28.2
2019-06-26,10.75,10.71
2019-06-27,14.95,13.48
2019-06-28,12.28,12.52
2019-06-29,10.52,10.94
2019-06-30,14.66,13.77
2019-07-01,18.33,20.26
2019-07-02,20.56,22.97
2019-07-03,14.89,14.82
2019-07-04,22.91,25.76
2019-07-05,22.48,26.16
2019-07-06,22.18,27.23
2019-07-07,19.41,20.29
2019-07-08,18.19,20.58
2019-07-09,18.36,21.74
2019-07-10,10.07,10.36
2019-07-11,8.56,8.43
2019-07-12,17.48,22.48
2019-07-13,15.23,14.45
2019-07-14,18.57,24
2019-07-15,9.88,9.43
2019-07-16,15.98,16.2
2019-07-17,13.42,13.08
2019-07-18,19.01,18.33
2019-07-19,18.32,19.81
2019-07-20,9.89,12.08
2019-07-21,5.9,7.77
2019-07-22,14.18,0.24
2019-07-23,13.49,
2019-07-24,4.14,2.5
2019-07-25,4.02,3.88
2019-07-26,3.28,3.75
2019-07-27,15.4,18.4
2019-07-28,3.44,4.05
2019-07-29,11.11,12.14
2019-07-30,9.05,10.44
2019-07-31,4.82,5.25
2019-08-01,13.57,17.52
2019-08-02,20.14,23.7
2019-08-03,19.25,22.76
2019-08-04,18.65,22.13
2019-08-05,19.82,19.87
2019-08-06,18.87,21.98
2019-08-07,10.69,16.33
2019-08-08,15.04,17.86
2019-08-09,18.3,23.19
2019-08-10,20.28,22.06
2019-08-11,19.24,21.09
2019-08-12,6.28,6.22
2019-08-13,17.14,21.85
2019-08-14,18.59,21.45
2019-08-15,5.45,5.66
2019-08-16,15.66,14.67
2019-08-17,12.92,10.08
2019-08-18,20.23,22.85
2019-08-19,19.92,22.35
2019-08-20,20.52,21.9
2019-08-21,13.04,16.79
2019-08-22,18.01,19.82
2019-08-23,19.24,22.74
2019-08-24,9.36,7.43
2019-08-25,19.62,20.78
2019-08-26,19.48,2.48
2019-08-27,13.23,11.99
2019-08-28,16.55,17.37
2019-08-29,11.05,11.72
2019-08-30,19.06,22.25
2019-08-31,19.54,19.74
2019-09-01,14.41,15.35
2019-09-02,16.23,16.29
2019-09-03,9.84,7.13
2019-09-04,5.4,7.25
2019-09-05,5.76,4.91
2019-09-06,8.71,9.51
2019-09-07,3.97,4.52
2019-09-08,8.59,9.14
2019-09-09,8.95,7.21
2019-09-10,7.17,7.31
2019-09-11,10.92,7.29
2019-09-12,4.63,3.56
2019-09-13,21.28,21.49
2019-09-14,5.26,5.78
2019-09-15,17.54,18.99
2019-09-16,20.25,20.32
2019-09-17,19.85,20.95
2019-09-18,22.14,21.63
2019-09-19,19.45,20.4
2019-09-20,8.78,9.02
2019-09-21,3.58,2.94
2019-09-22,2.79,3.2
2019-09-23,16.94,15.85
2019-09-24,19.81,19.31
2019-09-25,15.7,15.7
2019-09-26,14.28,14.32
2019-09-27,11.97,12.26
2019-09-28,15.33,15.29
2019-09-29,18.18,18.43
2019-09-30,18.43,17.58
2019-10-01,12.35,11.09
2019-10-02,2.87,2.33
2019-10-03,12.27,11.25
2019-10-04,15.29,16.37
2019-10-05,7.3,11.73
2019-10-06,16.63,14.91
2019-10-07,2.28,1.98
2019-10-08,18.26,16.59
2019-10-09,19.29,17.62
2019-10-10,8.17,8.85
2019-10-11,18.39,16.08
2019-10-12,18.69,16.51
2019-10-13,18.57,16.28
2019-10-14,15.72,13.46
2019-10-15,15.79,14.54
2019-10-16,15.97,14.2
2019-10-17,13.11,12.6
2019-10-18,12.36,11.56
2019-10-19,17.12,13.74
2019-10-20,14.02,12.65
2019-10-21,16.19,14.68
2019-10-22,15.58,13.8
2019-10-23,7.79,7.16
2019-10-24,14.23,12.16
2019-10-25,13.36,11.25
2019-10-26,14.52,14.13
2019-10-27,15.74,14.67
2019-10-28,13.22,12.13
2019-10-29,13.05,12.37
2019-10-30,17.29,14.13
2019-10-31,12.22,11.2
2019-11-01,15.52,13.53
2019-11-02,8.58,8.09
2019-11-03,12.91,11.4
2019-11-04,16.11,13.08
2019-11-05,12.41,10.09
2019-11-06,12.59,11.3
2019-11-07,15.81,13.04
2019-11-08,16.53,13.45
2019-11-09,15.7,12.71
2019-11-10,7.21,6.5
2019-11-11,10.41,9.08
2019-11-12,9.21,8.53
2019-11-13,1.48,1.2
2019-11-14,17.18,13.07
2019-11-15,3.23,3.97
2019-11-16,9.24,8.43
2019-11-17,1.07,0.54
2019-11-18,10.8,9.16
2019-11-19,13.58,10.81
2019-11-20,15.86,12.23
2019-11-21,9.21,7.69
2019-11-22,14.16,11.23
2019-11-23,9.54,8.29
2019-11-24,5.4,5.46
2019-11-25,8.68,7.03
2019-11-26,12.5,10.65
2019-11-27,11.68,9.82
2019-11-28,13.02,10.93
2019-11-29,14.52,11.3
2019-11-30,10.32,8.35
2019-12-01,2.01,1.79
2019-12-02,13.46,9.62
2019-12-03,5.65,3.99
2019-12-04,12.17,10.1
2019-12-05,14.63,10.88
2019-12-06,14.42,10.95
2019-12-07,4.25,4.71
2019-12-08,12.07,11.47
2019-12-09,4.98,5.22
2019-12-10,5.9,5.96
2019-12-11,5.34,6.3
2019-12-12,13.78,9.97
2019-12-13,7.84,7.77
2019-12-14,12.57,9.89
2019-12-15,11.3,8.89
2019-12-16,9.84,8.68
2019-12-17,1.47,1.4
2019-12-18,9,9.18
2019-12-19,12.99,9.81
2019-12-20,12.68,10.04
2019-12-21,4.18,4.51
2019-12-22,8.29,7.07
2019-12-23,3.67,4.78
2019-12-24,8.81,9.54
2019-12-25,7.68,6.5
2019-12-26,2.7,2.48
2019-12-27,12.8,10.14
2019-12-28,10.29,8.72
2019-12-29,3.59,3.25
2019-12-30,2.1,2.1
2019-12-31,14.7,10.93
2020-01-01,4.14,3.27
2020-01-02,3.01,2.14
2020-01-03,12.2,9.92
2020-01-04,11.35,8.58
2020-01-05,11.62,9.22
2020-01-06,1.93,1.82
2020-01-07,0.56,0.41
2020-01-08,2.25,2.58
2020-01-09,11.82,9.08
2020-01-10,12.23,10.18
2020-01-11,12.27,9.85
2020-01-12,11.77,10.21
2020-01-13,14.11,10.88
2020-01-14,12.54,9.22
2020-01-15,14.79,11.63
2020-01-16,13.27,10.47
2020-01-17,12.59,9.66
2020-01-18,14.34,11.2
2020-01-19,6.7,6.3
2020-01-20,12.44,9.89
2020-01-21,15.17,11.42
2020-01-22,5.64,3.49
2020-01-23,13.69,10.53
2020-01-24,12.86,10.92
2020-01-25,8.69,7.39
2020-01-26,13.62,10.91
2020-01-27,2.76,2.24
2020-01-28,6.2,7.21
2020-01-29,11.9,11.5
2020-01-30,12.18,10.05
2020-01-31,10.75,7.23
2020-02-01,8.09,6.97
2020-02-02,9.43,9.17
2020-02-03,16.93,12.78
2020-02-04,13.73,12.02
2020-02-05,13.33,14.76
2020-02-06,15.69,13.88
2020-02-07,11.13,10.41
2020-02-08,17.33,13.68
2020-02-09,17.65,14.45
2020-02-10,17.16,14.11
2020-02-11,17.16,14.23
2020-02-12,2.49,1.91
2020-02-13,7.19,2.7
2020-02-14,12.61,12.84
2020-02-15,9.67,8.68
2020-02-16,3.28,3.9
2020-02-17,4.87,11.33
2020-02-18,15.91,16.6
2020-02-19,13.96,8.82
2020-02-20,15.77,13.92
2020-02-21,7.49,7.64
2020-02-22,12.59,12.22
2020-02-23,20.76,17.1
2020-02-24,14.94,13.86
2020-02-25,3.41,2.33
2020-02-26,13.65,16.15
2020-02-27,18.09,17.77
2020-02-28,3.04,2.68
2020-02-29,15.61,13.31
2020-03-01,6.95,7.23
2020-03-02,20.21,17.81
2020-03-03,13.15,11.05
2020-03-04,14.85,15.8
2020-03-05,22.8,19.06
2020-03-06,20.27,18.1
2020-03-07,11.8,11.14
2020-03-08,20.97,18.25
2020-03-09,12.93,10.89
2020-03-10,2.91,2.21
2020-03-11,24.34,20.67
2020-03-12,17.84,18.54
2020-03-13,18.85,16.95
2020-03-14,22.24,19.62
2020-03-15,19.22,18.56
2020-03-16,23.86,20.95
2020-03-17,7.14,8.39
2020-03-18,21.87,20.7
2020-03-19,14.64,15.74
2020-03-20,22.28,20.58
2020-03-21,16.08,14.77
2020-03-22,24.18,22.28
2020-03-23,22.57,21.01
2020-03-24,22.44,20.59
2020-03-25,19.75,19.24
2020-03-26,10.92,9.59
2020-03-27,15.19,15.47
2020-03-28,20.59,18.81
2020-03-29,24.27,22.45
2020-03-30,23.99,22.72
2020-03-31,21.57,21.15
2020-04-01,19.45,19.34
2020-04-02,22.02,20.41
2020-04-03,23.88,22.64
2020-04-04,23.52,23.47
2020-04-05,25.22,24.36
2020-04-06,24.04,23.49
2020-04-07,20.16,20.23
2020-04-08,25.52,24.6
2020-04-09,23.79,23.12
2020-04-10,18.53,20.25
2020-04-11,18.61,19.29
2020-04-12,17.17,17.79
2020-04-13,24.43,24.81
2020-04-14,24.4,25.28
2020-04-15,20.38,20.45
2020-04-16,21.73,22.7
2020-04-17,5.92,6.6
2020-04-18,23.26,24.01
2020-04-19,5.73,5.26
2020-04-20,8.05,9.18
2020-04-21,23.04,23.57
2020-04-22,19.17,19.79
2020-04-23,24.35,24.34
2020-04-24,24.79,25.67
2020-04-25,17.26,20.14
2020-04-26,24.78,26.47
2020-04-27,20.52,26.22
2020-04-28,24.63,26.04
2020-04-29,23.38,25.25
2020-04-30,22.12,24.35
2020-05-01,17.57,19.2
2020-05-02,8.63,12.21
2020-05-03,15.63,20.12
2020-05-04,21.56,24.51
2020-05-05,9.45,7.35
2020-05-06,23.95,26.58
2020-05-07,21.3,23.41
2020-05-08,19.27,20.96
2020-05-09,2.51,2.24
2020-05-10,7.67,7.24
2020-05-11,21.19,21.98
2020-05-12,16.52,18.02
2020-05-13,26.38,28.2
2020-05-14,19.03,21.01
2020-05-15,3.19,2.46
2020-05-16,8.83,7.46
2020-05-17,16.78,16.84
2020-05-18,14.43,16.02
2020-05-19,12.16,13.03
2020-05-20,20.98,18.34
2020-05-21,21.33,21.44
2020-05-22,13.99,14.46
2020-05-23,20.67,23.46
2020-05-24,13.09,12.36
2020-05-25,12.89,12.52
2020-05-26,15.82,18.7
2020-05-27,25.48,28.74
2020-05-28,19.94,23.89
2020-05-29,25,27.93
2020-05-30,24.37,28.1
2020-05-31,18.42,20.61
2020-06-01,25.29,28.5
2020-06-02,8.99,8.13
2020-06-03,20.59,21.92
2020-06-04,18.46,18.6
2020-06-05,19.82,18.95
2020-06-06,21.38,22.16
2020-06-07,19.85,21.25
2020-06-08,22.12,25.46
2020-06-09,22.64,26.45
2020-06-10,17.48,19.9
2020-06-11,22.37,25.81
2020-06-12,10.62,9.6
2020-06-13,23.44,25.69
2020-06-14,19.08,21.31
2020-06-15,22.89,24.33
2020-06-16,22.05,24.39
2020-06-17,19.75,20.95
2020-06-18,10.95,11.8
2020-06-19,19.57,19.67
2020-06-20,22.22,25.22
2020-06-21,22.85,26.02
2020-06-22,23.71,26.75
2020-06-23,15.64,16.41
2020-06-24,2.74,2.72
2020-06-25,5.54,6.78
2020-06-26,15.04,16.95
2020-06-27,18.52,22.13
2020-06-28,22.17,25.54
2020-06-29,8.5,8.35
2020-06-30,6.77,7.34
2020-07-01,9.35,9.79
2020-07-02,20.44,20.77
2020-07-03,17.36,21.47
2020-07-04,21.12,22.25
2020-07-05,19.38,21.38
2020-07-06,18.64,19.2
2020-07-07,13.64,14.87
2020-07-08,20.69,21.79
2020-07-09,20.48,24.97
2020-07-10,10.61,16.85
2020-07-11,16.96,17.79
2020-07-12,6.83,5.01
2020-07-13,3.98,3.5
2020-07-14,11.1,10.86
2020-07-15,20.35,22.88
2020-07-16,20.86,24.73
2020-07-17,20.98,20.08
2020-07-18,17.03,20.33
2020-07-19,5.93,7.47
2020-07-20,5.33,5.22
2020-07-21,18.52,20.54
2020-07-22,5.34,4.08
2020-07-23,2.49,2.56
2020-07-24,9.24,8.93
2020-07-25,14.65,16.91
2020-07-26,15.17,13.79
2020-07-27,8,6.4
2020-07-28,8.75,6.77
2020-07-29,5.4,
2020-07-30,12.57,13.38
2020-07-31,14.1,12.4
2020-08-01,6.66,8.22
2020-08-02,3.42,3.54
2020-08-03,2.73,2.98
2020-08-04,9.01,9.52
2020-08-05,6.49,7.72
2020-08-06,7.16,8.39
2020-08-07,6.67,6.25
2020-08-08,6.55,3.7
2020-08-09,2.21,2.71
2020-08-10,7.09,9.64
2020-08-11,5.77,7.12
2020-08-12,11.77,9.03
2020-08-13,9.54,10.08
2020-08-14,6.83,7.38
2020-08-15,4.36,4.69
2020-08-16,13.49,15.84
2020-08-17,14.85,19.08
2020-08-18,16.71,21.13
2020-08-19,18.8,21.87
2020-08-20,16.5,21.88
2020-08-21,12.37,15.46
2020-08-22,8.2,7.4
2020-08-23,18.47,20.91
2020-08-24,18.47,21.5
2020-08-25,19,20.84
2020-08-26,15.89,17.14
2020-08-27,8.23,7.85
2020-08-28,11.4,12.22
2020-08-29,9.31,7.69
2020-08-30,12.37,11.96
2020-08-31,11.79,13.94
2020-09-01,13.32,9.55
2020-09-02,3.13,3.3
2020-09-03,12.89,14.63
2020-09-04,21.17,20.15
2020-09-05,12.33,13.12
2020-09-06,7.08,7.11
2020-09-07,3.6,3.82
2020-09-08,17.95,20.01
2020-09-09,11.29,8.87
2020-09-10,15.85,13.92
2020-09-11,11.24,9.93
2020-09-12,7.22,7.47
2020-09-13,20.41,20.19
2020-09-14,15.82,17.45
2020-09-15,16.69,17.1
2020-09-16,6.8,8.09
2020-09-17,8.42,8.18
2020-09-18,18.99,21.21
2020-09-19,17.29,17.41
2020-09-20,21.92,20.68
2020-09-21,19.16,18.27
2020-09-22,20.27,19.81
2020-09-23,15.31,13.29
2020-09-24,16.98,18.27
2020-09-25,15.47,15.46
2020-09-26,17.51,16.99
2020-09-27,20.3,18.7
2020-09-28,19.65,18.57
2020-09-29,14.33,14.2
2020-09-30,14.42,13.02
2020-10-01,13.01,11.81
2020-10-02,9.19,10.2
2020-10-03,11.53,10.71
2020-10-04,12.4,13.2
2020-10-05,20.36,15.6
2020-10-06,20.66,18.31
2020-10-07,16.51,15.4
2020-10-08,20,18.2
2020-10-09,19.62,17.82
2020-10-10,16.58,15.44
2020-10-11,11.95,10.1
2020-10-12,12.27,12.95
2020-10-13,14.61,13.26
2020-10-14,12.62,12.84
2020-10-15,15.27,14.48
2020-10-16,5.47,6.06
2020-10-17,17.24,15.98
2020-10-18,17.21,14.46
2020-10-19,16.25,14.54
2020-10-20,16.3,14.52
2020-10-21,4.63,4.83
2020-10-22,11.4,10.24
2020-10-23,19,16.09
2020-10-24,18.88,15.89
2020-10-25,15.25,13.78
2020-10-26,14.85,12.77
2020-10-27,12.93,12.11
2020-10-28,15.57,14.28
2020-10-29,16.2,14.19
2020-10-30,16.09,13.83
2020-10-31,12.02,11.58
2020-11-01,1.63,1.29
2020-11-02,16.2,13.7
2020-11-03,16.7,14.23
2020-11-04,17.77,14.52
2020-11-05,14.43,12.11
2020-11-06,5.34,4.67
2020-11-07,12.42,11.01
2020-11-08,17.14,13.76
2020-11-09,13.36,10.76
2020-11-10,15.8,12.74
2020-11-11,15,12.03
2020-11-12,14.6,11.65
2020-11-13,10.03,7.81
2020-11-14,13.04,11
2020-11-15,10.41,9.66
2020-11-16,11.42,9.81
2020-11-17,5.33,5.65
2020-11-18,2.72,2.89
2020-11-19,0.76,0.45
2020-11-20,2.38,2.15
2020-11-21,12.57,10.74
2020-11-22,3.02,2.88
2020-11-23,15.06,11.72
2020-11-24,8.58,8.6
2020-11-25,10.67,10.46
2020-11-26,12.08,9.14
2020-11-27,8.52,7.68
2020-11-28,14.42,10.95
2020-11-29,6.88,4.83
2020-11-30,13.47,10.99
2020-12-01,13.15,10.47
2020-12-02,8.24,8.1
2020-12-03,13.77,10.66
2020-12-04,13.69,10.62
2020-12-05,8.21,6.63
2020-12-06,8.68,6.72
2020-12-07,8.43,7.2
2020-12-08,13.55,10.66
2020-12-09,9.57,8.42
2020-12-10,4.76,4.27
2020-12-11,6.45,6.51
2020-12-12,12.08,9.68
2020-12-13,0.85,2.22
2020-12-14,7.98,10.93
2020-12-15,9.03,10.86
2020-12-16,10.13,10.94
2020-12-17,11.02,10.42
2020-12-18,8.71,8.41
2020-12-19,13.56,10.83
2020-12-20,12.98,10.33
2020-12-21,10.63,8.18
2020-12-22,8.43,7.11
2020-12-23,4.64,5.64
2020-12-24,11.28,9.39
2020-12-25,12.9,10.37
2020-12-26,9.76,8.17
2020-12-27,8.7,7.37
2020-12-28,10.1,8.62
2020-12-29,2.39,2.35
2020-12-30,12.47,11.02
2020-12-31,11.78,8.47
2021-01-01,10.53,8.62
2021-01-02,13.41,10.59
2021-01-03,9.84,8.25
2021-01-04,8.72,6.03
2021-01-05,12.73,10.52
2021-01-06,14.01,10.93
2021-01-07,4.97,11.95
2021-01-08,7.34,11.64
2021-01-09,8.55,10.64
2021-01-10,9.55,11.14
2021-01-11,4.26,4.38
2021-01-12,6.83,7.33
2021-01-13,7.63,9.09
2021-01-14,11.87,10.1
2021-01-15,2.92,3.83
2021-01-16,12.51,10.3
2021-01-17,13.83,10.42
2021-01-18,3.38,5.41
2021-01-19,14.13,11.85
2021-01-20,13.98,11.62
2021-01-21,3.67,3.2
2021-01-22,3.05,2.9
2021-01-23,8.41,7.29
2021-01-24,14.95,11.7
2021-01-25,12.44,10.82
2021-01-26,2.27,1.67
2021-01-27,14.31,11.47
2021-01-28,5.89,6.97
2021-01-29,17.17,13.64
2021-01-30,10.32,9.07
2021-01-31,13,11.63
2021-02-01,7.07,5.55
2021-02-02,17.56,14.05
2021-02-03,14.99,12.86
2021-02-04,5.65,10.54
2021-02-05,8.77,9.85
2021-02-06,7.08,7.01
2021-02-07,12.02,10
2021-02-08,19.13,15.09
2021-02-09,18.16,14.75
2021-02-10,7.16,6.09
2021-02-11,12.98,11.76
2021-02-12,15.99,13.72
2021-02-13,15.87,13.89
2021-02-14,7.11,6.79
2021-02-15,12.9,10.9
2021-02-16,7.75,7.08
2021-02-17,16.43,16.6
2021-02-18,19.89,15.91
2021-02-19,15.44,15.35
2021-02-20,16.69,13.95
2021-02-21,16.89,14.56
2021-02-22,13.94,12.09
2021-02-23,19.52,16.2
2021-02-24,17.63,14.55
2021-02-25,5.68,5.24
2021-02-26,19.38,16.7
2021-02-27,19.64,16.94
2021-02-28,9.12,6.98
2021-03-01,1.07,0.96
2021-03-02,10.93,11.07
2021-03-03,17.71,14.94
2021-03-04,10.23,9.85
2021-03-05,20.7,17.89
2021-03-06,11.58,11.2
2021-03-07,16.64,14.88
2021-03-08,20.43,17.76
2021-03-09,17.56,15.24
2021-03-10,20.43,18.29
2021-03-11,17.95,16.33
2021-03-12,6.74,5.31
2021-03-13,16.3,14.3
2021-03-14,15.3,16.45
2021-03-15,13.73,13.86
2021-03-16,22.65,20.43
2021-03-17,21.93,19.65
2021-03-18,18.34,17.57
2021-03-19,19.1,17.89
2021-03-20,2.89,2.54
2021-03-21,14.29,14.87
2021-03-22,23.22,21.13
2021-03-23,21.54,20.04
2021-03-24,19.77,18.4
2021-03-25,21.16,20.42
2021-03-26,16.48,16.07
2021-03-27,4.43,3.81
2021-03-28,2.64,2.53
2021-03-29,19.01,18.2
2021-03-30,24.03,23.15
2021-03-31,22.85,22.04
2021-04-01,20.38,19.81
2021-04-02,14.63,12.59
2021-04-03,1.89,1.59
2021-04-04,15.7,13.13
2021-04-05,25.43,24.46
2021-04-06,22.82,22.72
2021-04-07,23.8,23.36
2021-04-08,25.12,23.89
2021-04-09,24.09,23.71
2021-04-10,23.02,22.79
2021-04-11,21.71,21.73
2021-04-12,5.61,4.98
2021-04-13,19.09,18.7
2021-04-14,26.57,25.92
2021-04-15,24.47,24.24
2021-04-16,7.99,6.72
2021-04-17,14.03,15.85
2021-04-18,24.9,24.57
2021-04-19,24.28,24.91
2021-04-20,22.86,23.49
2021-04-21,22.49,23.8
2021-04-22,13.61,14.99
2021-04-23,8.63,10.38
2021-04-24,13.76,13.33
2021-04-25,23.99,25.65
2021-04-26,20.58,21.17
2021-04-27,9.73,10.14
2021-04-28,16.96,17.28
2021-04-29,15.13,17.9
2021-04-30,9.32,8.16
2021-05-01,11.01,15.97
2021-05-02,24.29,26.13
2021-05-03,24.92,25.81
2021-05-04,4.35,4.46
2021-05-05,25.53,26.82
2021-05-06,21.62,22.52
2021-05-07,15.75,16.39
2021-05-08,21.23,21.42
2021-05-09,26.04,28.38
2021-05-10,5.52,4
2021-05-11,22.73,23.89
2021-05-12,22.28,24.47
2021-05-13,22.94,25.87
2021-05-14,20.68,21.93
2021-05-15,8.61,6.86
2021-05-16,2.39,1.76
2021-05-17,5.86,4.3
2021-05-18,20.64,22.31
2021-05-19,25.34,27.88
2021-05-20,6.08,5.79
2021-05-21,7.4,7.66
2021-05-22,24.05,27.23
2021-05-23,17.66,17.99
2021-05-24,21.64,23.71
2021-05-25,17.25,18.79
2021-05-26,17.85,18.54
2021-05-27,7.06,5.8
2021-05-28,9.45,10.27
2021-05-29,13.29,15.29
2021-05-30,23.51,27.07
2021-05-31,12.82,15.02
2021-06-01,13.98,17.92
2021-06-02,22.62,25.99
2021-06-03,4.84,4.56
2021-06-04,24.57,27.99
2021-06-05,19.05,21.93
2021-06-06,20.78,22.65
2021-06-07,9.68,10.65
2021-06-08,17.11,21.28
2021-06-09,21.17,23.52
2021-06-10,13.71,16.32
2021-06-11,12.03,15
2021-06-12,21.59,26.49
2021-06-13,22.41,25.71
2021-06-14,19.14,19.12
2021-06-15,8.02,8.76
2021-06-16,22.13,22.06
2021-06-17,9.1,8.8
2021-06-18,7.2,3.97
2021-06-19,22.92,27.06
2021-06-20,21.58,25.1
2021-06-21,21.85,27.53
2021-06-22,17.57,18.26
2021-06-23,17.28,17.45
2021-06-24,20.15,21.51
2021-06-25,21.13,25.37
2021-06-26,11.4,17.23
2021-06-27,19.65,22.27
2021-06-28,16.43,16.14
2021-06-29,17.39,16.66
2021-06-30,15.01,18.04
2021-07-01,20.53,22.6
2021-07-02,17.34,20.33
2021-07-03,7.41,7.96
2021-07-04,4.04,2.24
2021-07-05,12.55,14.66
2021-07-06,16.94,16.49
2021-07-07,13.18,11.73
2021-07-08,17.35,20.9
2021-07-09,15.74,21.73
2021-07-10,16.52,19.45
2021-07-11,8.09,10.72
2021-07-12,16.77,14.77
2021-07-13,15.66,16.15
2021-07-14,18.02,20.24
2021-07-15,19.44,22.72
2021-07-16,21.21,24.72
2021-07-17,19.35,23.01
2021-07-18,21.01,22.3
2021-07-19,14.84,15.92
2021-07-20,16.97,17.83
2021-07-21,22.2,27.46
2021-07-22,22.84,26.41
2021-07-23,22.6,25.67
2021-07-24,22.22,26.35
2021-07-25,22.46,26.55
2021-07-26,22.63,27.44
2021-07-27,21.59,20.67
2021-07-28,20.95,19.67
2021-07-29,17.33,17.24
2021-07-30,19.62,22.64
2021-07-31,18.54,22.13
2021-08-01,8.75,6.91
2021-08-02,8.8,8.49
2021-08-03,15.01,14.05
2021-08-04,17.74,21.47
2021-08-05,19.42,21.54
2021-08-06,16.77,21.34
2021-08-07,19.64,22.46
2021-08-08,11.66,12.23
2021-08-09,21.2,18.95
2021-08-10,17.79,22.29
2021-08-11,17.91,16.75
2021-08-12,14.48,14.18
2021-08-13,11.85,11.15
2021-08-14,14.42,14.47
2021-08-15,21.17,21.5
2021-08-16,19.95,21.54
2021-08-17,18.14,19.17
2021-08-18,15,14.22
2021-08-19,18.46,20.56
2021-08-20,15.96,17.82
2021-08-21,6.29,6.88
2021-08-22,12.4,11.26
2021-08-23,3.57,3.17
2021-08-24,5.58,4.53
2021-08-25,7.56,7.44
2021-08-26,9.44,8.96
2021-08-27,3.44,3.4
2021-08-28,14.27,15.06
2021-08-29,11.43,12.06
2021-08-30,10.88,10.18
2021-08-31,3.17,2.69
2021-09-01,5.87,5.36
2021-09-02,13.97,11.27
2021-09-03,20.58,18.75
2021-09-04,19.58,19.77
2021-09-05,13.84,12.81
2021-09-06,10.57,8.89
2021-09-07,2.44,2.29
2021-09-08,18.33,19.04
2021-09-09,16.46,18.82
2021-09-10,16.32,16.29
2021-09-11,18.3,20.7
2021-09-12,20.22,21.31
2021-09-13,18.02,17.86
2021-09-14,17.84,16.78
2021-09-15,20.16,20.45
2021-09-16,19.26,19.07
2021-09-17,14.96,14.57
2021-09-18,19.94,18.62
2021-09-19,13.86,15.12
2021-09-20,19.2,17.62
2021-09-21,10.4,10.69
2021-09-22,15.59,4.02
2021-09-23,16.48,14.43
2021-09-24,18,18.9
2021-09-25,6.92,7.57
2021-09-26,17.13,16.29
2021-09-27,11.01,11.68
2021-09-28,8.31,7.9
2021-09-29,2.76,3.58
2021-09-30,16.36,18.02
2021-10-01,17.44,16.62
2021-10-02,17.43,15.5
2021-10-03,16.64,16.57
2021-10-04,4.29,5.17
2021-10-05,10.25,14.17
2021-10-06,4.58,5.09
2021-10-07,4.78,5.35
2021-10-08,3.97,4.08
2021-10-09,9.72,12.43
2021-10-10,4.2,4.55
2021-10-11,10.81,11.01
2021-10-12,7.15,3.69
2021-10-13,17.16,15.76
2021-10-14,14.58,14.02
2021-10-15,7.53,6.4
2021-10-16,9.01,7.52
2021-10-17,20.46,17.79
2021-10-18,12.87,14.59
2021-10-19,12.14,12.52
2021-10-20,17.69,15.75
2021-10-21,14.36,12.91
2021-10-22,16.91,15.34
2021-10-23,17.44,15.11
2021-10-24,17.08,14.59
2021-10-25,16.75,14.5
2021-10-26,13.24,12.41
2021-10-27,16.26,14.32
2021-10-28,17.47,14.96
2021-10-29,15.52,14.39
2021-10-30,8.28,8.77
2021-10-31,12.83,11.06
2021-11-01,10.21,11.79
2021-11-02,12.04,11.6
2021-11-03,13.54,12.18
2021-11-04,8.84,7.84
2021-11-05,12.52,11.94
2021-11-06,13.68,12.45
2021-11-07,13.21,11.54
2021-11-08,2.74,2.75
2021-11-09,3.46,3.79
2021-11-10,6.82,8.68
2021-11-11,11.12,8.43
2021-11-12,14.79,11.61
2021-11-13,12.99,9.85
2021-11-14,11.21,9.24
2021-11-15,11.62,10.34
2021-11-16,13.79,11.16
2021-11-17,13.2,11.05
2021-11-18,6.48,7.58
2021-11-19,6.72,6.4
2021-11-20,8.21,7.32
2021-11-21,3.81,3.8
2021-11-22,9.03,8.99
2021-11-23,8.63,5.93
2021-11-24,7.31,4.57
2021-11-25,12.44,10.05
2021-11-26,10.7,10.14
2021-11-27,14.01,11.33
2021-11-28,12.93,11.07
2021-11-29,10.07,7.74
2021-11-30,0.76,0.6
2021-12-01,13.98,11.46
2021-12-02,9.11,9.2
2021-12-03,13.96,10.98
2021-12-04,11.95,8.41
2021-12-05,13.28,10.53
2021-12-06,11.25,9.43
2021-12-07,11.03,8.78
2021-12-08,12.5,10.13
2021-12-09,5.21,4.54
2021-12-10,2.03,1.61
2021-12-11,5.53,6.02
2021-12-12,11.34,9.6
2021-12-13,13.7,10.81
2021-12-14,6.93,6.1
2021-12-15,4.39,4.17
2021-12-16,6.47,7.02
2021-12-17,12.39,10.13
2021-12-18,8.48,7.13
2021-12-19,8.9,10.22
2021-12-20,8.3,7.41
2021-12-21,8.31,6.06
2021-12-22,12.17,9.68
2021-12-23,9.82,8.64
2021-12-24,2.35,1.82
2021-12-25,13.86,11.09
2021-12-26,13.87,11.07
2021-12-27,6.58,5.86
2021-12-28,4.18,3.92
2021-12-29,5.52,3.66
2021-12-30,10.11,7.67
2021-12-31,13.95,11.08
2022-01-01,12.52,10.08
2022-01-02,9.85,9.32
2022-01-03,10.72,9.33
2022-01-04,13.28,10.77
2022-01-05,6.85,5.76
2022-01-06,13.14,10.61
2022-01-07,12.94,10.63
2022-01-08,5.24,5.62
2022-01-09,9.13,7.41
2022-01-10,7.36,6.61
2022-01-11,10.46,11.55
2022-01-12,13.9,11.48
2022-01-13,14,11.6
2022-01-14,14.67,11.92
2022-01-15,5.01,5.09
2022-01-16,14.15,12.14
2022-01-17,9.61,7.97
2022-01-18,13.76,12.09
2022-01-19,2.31,2.84
2022-01-20,10.86,12.1
2022-01-21,14.63,13.11
2022-01-22,8.74,7.5
2022-01-23,11.06,9.97
2022-01-24,10.76,11
2022-01-25,1.78,1.72
2022-01-26,13.43,11.5
2022-01-27,13.92,10.84
2022-01-28,16.05,12.89
2022-01-29,16.52,13.41
2022-01-30,16.46,13.72
2022-01-31,14.5,12.17
2022-02-01,2.73,8.14
2022-02-02,14.96,14.02
2022-02-03,17.19,14.55
2022-02-04,16.55,12.74
2022-02-05,16.74,12.94
2022-02-06,17.61,14.66
2022-02-07,11,9.51
2022-02-08,16.28,13.44
2022-02-09,14.86,12.87
2022-02-10,16.48,13.98
2022-02-11,14.62,12.19
2022-02-12,16.31,14.24
2022-02-13,9.66,9.89
2022-02-14,7.96,8.63
2022-02-15,12.44,8.41
2022-02-16,18.05,14.58
2022-02-17,19.8,16.45
2022-02-18,18.03,15.54
2022-02-19,10.67,10.45
2022-02-20,20.71,17.25
2022-02-21,13.76,12.66
2022-02-22,18.5,16.9
2022-02-23,21.05,17.83
2022-02-24,20.43,17.73
2022-02-25,14.08,11.96
2022-02-26,7.28,8.32
2022-02-27,20.73,17.94
2022-02-28,12.52,11.81
2022-03-01,6.76,6.85
2022-03-02,21.35,18.82
2022-03-03,20.18,17.61
2022-03-04,12.86,11.85
2022-03-05,21.97,19.51
2022-03-06,22.32,19.95
2022-03-07,16.72,15.84
2022-03-08,17.48,17.01
2022-03-09,18.47,17.7
2022-03-10,16.48,15.66
2022-03-11,13.72,11.72
2022-03-12,11.84,11.66
2022-03-13,2.17,1.84
2022-03-14,2.51,2.21
2022-03-15,17.79,16.73
2022-03-16,18.5,17.02
2022-03-17,9.95,7.54
2022-03-18,5.84,5.06
2022-03-19,3.01,2.6
2022-03-20,13.98,16.73
2022-03-21,16.5,14.4
2022-03-22,22.69,20.68
2022-03-23,7.63,7.66
2022-03-24,6.68,8.49
2022-03-25,10.16,10.71
2022-03-26,7.27,7.73
2022-03-27,21.49,20.98
2022-03-28,24.66,23.36
2022-03-29,23.38,22.23
2022-03-30,7.51,6.27
2022-03-31,13.69,15.56
2022-04-01,23.29,21.02
2022-04-02,24.25,23.16
2022-04-03,23.97,23.02
2022-04-04,23.98,24.07
2022-04-05,21.43,20.95
2022-04-06,21.18,21.03
2022-04-07,23.62,22.79
2022-04-08,23.94,23.91
2022-04-09,20.42,19.31
2022-04-10,22.72,23.16
2022-04-11,22.2,22.46
2022-04-12,16.39,18.52
2022-04-13,5.14,1.67
2022-04-14,10.16,8.63
2022-04-15,24.25,24.91
2022-04-16,25.15,25.63
2022-04-17,24.35,24.93
2022-04-18,19.23,19.7
2022-04-19,23.46,24.6
2022-04-20,24.39,25.22
2022-04-21,18.8,19.29
2022-04-22,5.73,6.08
2022-04-23,20.34,20.71
2022-04-24,18.4,20.98
2022-04-25,10.55,10.33
2022-04-26,20.54,21.58
2022-04-27,24.23,25.42
2022-04-28,20.16,21.73
2022-04-29,14,11.1
2022-04-30,14.1,17.36
2022-05-01,25.06,26.36
2022-05-02,22.76,23.97
2022-05-03,24.95,26.7
2022-05-04,24.3,26.01
2022-05-05,25.33,27.26
2022-05-06,21.52,22.96
2022-05-07,19.54,20.77
2022-05-08,7.43,7.08
2022-05-09,25.74,28.14
2022-05-10,23.83,26.21
2022-05-11,21.92,22.81
2022-05-12,22.91,25.66
2022-05-13,14.04,15.79
2022-05-14,22.76,22.58
2022-05-15,25.8,28.74
2022-05-16,24.91,27.7
2022-05-17,23.63,26.37
2022-05-18,15.06,18.2
2022-05-19,18.59,18.86
2022-05-20,21.62,23.85
2022-05-21,21.39,24.84
2022-05-22,19.26,25.51
2022-05-23,21.65,25.57
2022-05-24,23.86,27.33
2022-05-25,19.44,21.37
2022-05-26,24.1,27.49
2022-05-27,23.67,28.58
2022-05-28,23.72,26.81
2022-05-29,19.85,21.94
2022-05-30,8.72,8.53
2022-05-31,23.58,27.26
2022-06-01,24.93,29.03
2022-06-02,22.48,26.04
2022-06-03,22.6,26.22
2022-06-04,16.91,18.04
2022-06-05,6.67,6.7
2022-06-06,14.65,13.72
2022-06-07,18.6,19.81
2022-06-08,19.77,19.56
2022-06-09,12.32,14.3
2022-06-10,14.41,16.93
2022-06-11,23.47,25.28
2022-06-12,21.04,22.93
2022-06-13,17.72,25.1
2022-06-14,16.2,17.95
2022-06-15,6.91,6.38
2022-06-16,16.18,15.28
2022-06-17,16.24,12.71
2022-06-18,8.64,8.87
2022-06-19,7.31,7.08
2022-06-20,16.44,16.45
2022-06-21,22.46,26.27
2022-06-22,18.01,19.79
2022-06-23,4.28,3.91
2022-06-24,12.74,14.35
2022-06-25,16.94,19.86
2022-06-26,6.19,7.17
2022-06-27,6.39,6.92
2022-06-28,5.02,8.93
2022-06-29,4.83,5.25
2022-06-30,4.05,4.8
2022-07-01,19.52,22.73
2022-07-02,21.26,25.34
2022-07-03,21.96,25.06
2022-07-04,17.93,18.76
2022-07-05,16.51,18.68
2022-07-06,15.5,18.29
2022-07-07,10.16,11.54
2022-07-08,9.85,16.26
2022-07-09,15.19,17.2
2022-07-10,20.05,23.79
2022-07-11,15.11,14.16
2022-07-12,13.08,14.12
2022-07-13,1.61,1.12
2022-07-14,14.7,14.71
2022-07-15,19.57,24.19
2022-07-16,14.23,22.39
2022-07-17,14.47,18.48
2022-07-18,13.59,11.8
2022-07-19,18.58,22.84
2022-07-20,15.65,19.6
2022-07-21,6.71,6.35
2022-07-22,14.94,16.41
2022-07-23,9.76,9.85
2022-07-24,10.01,10.2
2022-07-25,21.33,22.98
2022-07-26,20.45,24.15
2022-07-27,17.2,18.67
2022-07-28,20.93,24.62
2022-07-29,19.66,22.4
2022-07-30,19.17,21.65
2022-07-31,5.3,4.92
2022-08-01,12.37,15
2022-08-02,6.92,7.71
2022-08-03,11,14.34
2022-08-04,17.93,23.25
2022-08-05,16.52,18.26
2022-08-06,11.93,11.26
2022-08-07,9.95,12.36
2022-08-08,2.01,1.78
2022-08-09,3.09,3
2022-08-10,10.87,7.98
2022-08-11,7.42,5.56
2022-08-12,21.11,24.69
2022-08-13,4.46,4.73
2022-08-14,9.96,10.29
2022-08-15,7.93,11.97
2022-08-16,20.16,24.88
2022-08-17,16.11,17.92
2022-08-18,16.96,18.62
2022-08-19,6.63,7.09
2022-08-20,18.95,21.06
2022-08-21,19.05,20.09
2022-08-22,12.14,12.85
2022-08-23,13.11,12.27
2022-08-24,13,14.55
2022-08-25,5.95,6.22
2022-08-26,17.93,20.74
2022-08-27,23.6,25.39
2022-08-28,22.8,24.93
2022-08-29,5.24,5.45
2022-08-30,2.83,2.91
2022-08-31,9.32,6.47
2022-09-01,21.23,22.64
2022-09-02,20.96,22.19
2022-09-03,15.89,18.07
2022-09-04,3.77,4.17
2022-09-05,1.32,0.94
2022-09-06,17.59,19.2
2022-09-07,21.19,21.36
2022-09-08,21.65,22.63
2022-09-09,20.38,21.7
2022-09-10,16.67,16.76
2022-09-11,8.97,9.67
2022-09-12,12.95,12.45
2022-09-13,8.06,6.12
2022-09-14,9.85,10.31
2022-09-15,12.63,12.63
2022-09-16,11.79,13.02
2022-09-17,12.93,13.46
2022-09-18,13.72,13.82
2022-09-19,17.68,16.29
2022-09-20,17.24,16.62
2022-09-21,21.05,21.27
2022-09-22,18.37,18.03
2022-09-23,15.04,15.53
2022-09-24,20.94,20.23
2022-09-25,16.15,15.88
2022-09-26,17.48,17.41
2022-09-27,20.29,20.18
2022-09-28,13.59,14.12
2022-09-29,15.31,15.33
2022-09-30,16.94,18.29
2022-10-01,15.17,13.57
2022-10-02,4.67,5.85
2022-10-03,1.66,0.99
2022-10-04,6.51,12.02
2022-10-05,13.21,14.65
2022-10-06,9.96,10.72
2022-10-07,14.21,16.89
2022-10-08,18.23,16.65
2022-10-09,2.89,2.34
2022-10-10,8.11,7.54
2022-10-11,18.58,17.61
2022-10-12,17.89,17.43
2022-10-13,18.47,17.39
2022-10-14,13.42,13.3
2022-10-15,16.22,15.34
2022-10-16,5.32,5.8
2022-10-17,20.03,17.7
2022-10-18,19.43,17.14
2022-10-19,18.81,16.41
2022-10-20,18.09,15.96
2022-10-21,14.65,13.36
2022-10-22,15.25,14.44
2022-10-23,14.71,14.33
2022-10-24,16.84,15.51
2022-10-25,17.44,15.46
2022-10-26,14.76,12.77
2022-10-27,15.07,13.47
2022-10-28,13.64,13.68
2022-10-29,15.21,13.54
2022-10-30,14.78,13.27
2022-10-31,13.76,13.16
2022-11-01,9.92,10.16
2022-11-02,15.6,14.33
2022-11-03,4.77,5.31
2022-11-04,16.91,14.35
2022-11-05,16.6,14.2
2022-11-06,15.35,13.76
2022-11-07,9.81,8.77
2022-11-08,11.77,10.4
2022-11-09,9.77,9.91
2022-11-10,10.74,10.31
2022-11-11,12.44,11.29
2022-11-12,7.22,6.41
2022-11-13,2.54,2.63
2022-11-14,8.3,8.3
2022-11-15,7.87,5.46
2022-11-16,10.72,11.28
2022-11-17,12.91,10.99
2022-11-18,13.48,11.43
2022-11-19,12.46,10.18
2022-11-20,12.58,11.01
2022-11-21,7.8,8.27
2022-11-22,5.35,4.53
2022-11-23,12.25,10.72
2022-11-24,10.33,9.51
2022-11-25,10.81,9.95
2022-11-26,13.31,10.71
2022-11-27,11.89,10.33
2022-11-28,3.58,4.21
2022-11-29,5.24,4.8
2022-11-30,13.87,11.35
2022-12-01,13.08,10.35
2022-12-02,13.77,11.07
2022-12-03,4.92,5.19
2022-12-04,7.23,6.21
2022-12-05,13.54,10.48
2022-12-06,6.38,6.7
2022-12-07,8.92,6.81
2022-12-08,12.19,9.82
2022-12-09,7.6,7.27
2022-12-10,7.39,6.05
2022-12-11,12.42,10.25
2022-12-12,6.54,5.98
2022-12-13,4.18,3.86
2022-12-14,7.94,10.14
2022-12-15,1.5,2.67
2022-12-16,3.08,7.12
2022-12-17,5.63,9.85
2022-12-18,8.24,10.8
2022-12-19,7.45,9
2022-12-20,9.39,10.69
2022-12-21,0.68,2.58
2022-12-22,3.28,9.91
2022-12-23,4.08,9.84
2022-12-24,6.97,10.49
2022-12-25,8.55,10.67
2022-12-26,6.98,7.69
2022-12-27,10.13,10.07
2022-12-28,10.49,10.61
2022-12-29,11.42,9.28
2022-12-30,10.62,10.46
2022-12-31,5.24,5.37
2023-01-01,12.17,11.14
2023-01-02,13.48,11.09
2023-01-03,13.44,11.11
2023-01-04,12.49,10.12
2023-01-05,8.26,5.26
2023-01-06,8.76,8.01
2023-01-07,4.93,7.01
2023-01-08,8.69,9.49
2023-01-09,11.07,9.76
2023-01-10,13.13,10.85
2023-01-11,12.32,10.18
2023-01-12,12.36,10.52
2023-01-13,1.22,1.2
2023-01-14,1.3,1.33
2023-01-15,0.25,0.81
2023-01-16,7.45,10
2023-01-17,4.92,6.86
2023-01-18,11.41,12.48
2023-01-19,9.85,9.21
2023-01-20,11.36,12.51
2023-01-21,12.42,11.81
2023-01-22,4.43,4.56
2023-01-23,10.33,10.44
2023-01-24,16,13.66
2023-01-25,16.3,13.56
2023-01-26,1.72,3.12
2023-01-27,12.68,13.68
2023-01-28,14.82,11.9
2023-01-29,10.84,10.34
2023-01-30,16.28,13.06
2023-01-31,9.58,11.61
2023-02-01,14.31,12.74
2023-02-02,11.45,9.96
2023-02-03,14.21,12.29
2023-02-04,14.55,12.38
2023-02-05,12.68,11.79
2023-02-06,11.4,11.01
2023-02-07,10.11,9.27
2023-02-08,15.06,13.29
2023-02-09,13.23,12.21
2023-02-10,6.57,6.14
2023-02-11,9.73,10.05
2023-02-12,7.91,8.29
2023-02-13,7.07,6.94
2023-02-14,16.22,15.18
2023-02-15,15.26,14.08
2023-02-16,8.4,8.03
2023-02-17,14.92,13.44
2023-02-18,2.93,3.96
2023-02-19,15.17,14.65
2023-02-20,20.12,17.44
2023-02-21,19.73,17.41
2023-02-22,18.25,16.49
2023-02-23,16.59,14.86
2023-02-24,18.2,16.75
2023-02-25,20.02,17.92
2023-02-26,20.03,18.16
2023-02-27,19.67,18.29
2023-02-28,14.43,17.09
2023-03-01,9.54,8.99
2023-03-02,20.51,18.93
2023-03-03,15.94,17.56
2023-03-04,15.05,15.14
2023-03-05,17.44,16.95
2023-03-06,18.82,18.34
2023-03-07,15.65,16.67
2023-03-08,7.9,10.66
2023-03-09,8.88,9.43
2023-03-10,16.71,16.71
2023-03-11,15.89,16.57
2023-03-12,3.84,4.8
2023-03-13,21.78,20.37
2023-03-14,19.83,20.18
2023-03-15,8.72,12.49
2023-03-16,17.98,16.57
2023-03-17,15.57,15.48
2023-03-18,19.53,18.78
2023-03-19,20.71,20.37
2023-03-20,18.91,18.4
2023-03-21,20.87,21.21
2023-03-22,16.4,17.66
2023-03-23,12.06,12.53
2023-03-24,13.2,14.71
2023-03-25,14.18,12.48
2023-03-26,23.01,23.27
2023-03-27,22.16,22.37
2023-03-28,16.49,17.08
2023-03-29,20.37,21.23
2023-03-30,21.66,22.69
2023-03-31,21.17,22.03
2023-04-01,20.18,21.67
2023-04-02,21.72,23.41
2023-04-03,21.17,22.77
2023-04-04,11.3,13.34
2023-04-05,1.83,1.85
2023-04-06,2.37,2.54
2023-04-07,20.27,23.36
2023-04-08,24.87,25.2
2023-04-09,24.45,25.12
2023-04-10,21.61,22.46
2023-04-11,3.22,3.05
2023-04-12,23.64,24.5
2023-04-13,16.09,15.19
2023-04-14,15.8,20.17
2023-04-15,8.25,9.84
2023-04-16,14.7,15.44
2023-04-17,17.04,19.84
2023-04-18,8.34,8.53
2023-04-19,23.85,26.85
2023-04-20,6.74,9.22
2023-04-21,19.68,20.5
2023-04-22,18.73,21.27
2023-04-23,17.22,16.33
2023-04-24,18.61,20.14
2023-04-25,6.73,7.96
2023-04-26,14.96,15.19
2023-04-27,23.84,26.05
2023-04-28,20.62,22.11
2023-04-29,4.53,5.3
2023-04-30,19.69,23.6
2023-05-01,23.02,25.61
2023-05-02,19.88,22.05
2023-05-03,22.82,26.04
2023-05-04,16.29,18.19
2023-05-05,2.25,2.8
2023-05-06,4.45,5.05
2023-05-07,10.52,9.17
2023-05-08,24.62,26.55
2023-05-09,24.54,27.72
2023-05-10,22.39,23.38
2023-05-11,23.72,27.24
2023-05-12,18.86,20.94
2023-05-13,21.34,25.47
2023-05-14,21.94,27.2
2023-05-15,22.97,27.05
2023-05-16,23.36,27.2
2023-05-17,22.83,27.62
2023-05-18,12.68,9.84
2023-05-19,19.39,20.45
2023-05-20,21.77,24.9
2023-05-21,17.29,16.32
2023-05-22,18.83,19.87
2023-05-23,24.34,26.38
2023-05-24,18.26,18.6
2023-05-25,23.03,27
2023-05-26,21.83,26.27
2023-05-27,4.03,3.69
2023-05-28,2.37,1.73
2023-05-29,13.86,10.38
2023-05-30,15.5,16.59
2023-05-31,22.29,25.83
2023-06-01,14.17,15.63
2023-06-02,16.55,14.94
2023-06-03,25.04,30.08
2023-06-04,22.52,24.23
2023-06-05,21.45,25.83
2023-06-06,19.14,25.11
2023-06-07,12.64,11.57
2023-06-08,10.41,10.42
2023-06-09,22.54,27.07
2023-06-10,16.11,20.36
2023-06-11,18.58,23.09
2023-06-12,18.12,21.74
2023-06-13,22.25,29.35
2023-06-14,21,24.78
2023-06-15,20.65,19.51
2023-06-16,24.08,29.06
2023-06-17,22.65,26.76
2023-06-18,22.49,27.54
2023-06-19,20.68,25.01
2023-06-20,7.39,6.96
2023-06-21,6.15,6.76
2023-06-22,17.41,23.67
2023-06-23,18.75,20.8
2023-06-24,21.92,24.95
2023-06-25,19.69,22.4
2023-06-26,4.14,4.15
2023-06-27,17.26,21.46
2023-06-28,16,18.45
2023-06-29,2.43,2.92
2023-06-30,14.12,11.19
2023-07-01,21.25,26.18
2023-07-02,16.42,20.65
2023-07-03,20.87,26.16
2023-07-04,8.46,5.82
2023-07-05,16,17.62
2023-07-06,19.62,24.51
2023-07-07,17.05,21.34
2023-07-08,14,14.19
2023-07-09,9.24,9.14
2023-07-10,17.21,20.34
2023-07-11,3.83,3.64
2023-07-12,12.13,15.58
2023-07-13,3.18,2.97
2023-07-14,1.66,1.61
2023-07-15,3.28,3.94
2023-07-16,6.93,7.04
2023-07-17,8.92,10.7
2023-07-18,7.35,6.08
2023-07-19,20.55,24.57
2023-07-20,19.45,24.11
2023-07-21,20.65,24.41
2023-07-22,15.11,17.41
2023-07-23,2.82,2.57
2023-07-24,13.86,15.74
2023-07-25,15.61,19.19
2023-07-26,14.78,19.29
2023-07-27,19.2,21.79
2023-07-28,20.03,25.65
2023-07-29,19.52,25.21
2023-07-30,20.21,20.64
2023-07-31,18.04,19.04
2023-08-01,19.69,23.99
2023-08-02,18.48,24.72
2023-08-03,20.4,25.47
2023-08-04,19.85,24.68
2023-08-05,20.83,25.74
2023-08-06,16.97,20.56
2023-08-07,19.14,20.24
2023-08-08,21.19,23.66
2023-08-09,12.76,17.69
2023-08-10,2.11,2.05
2023-08-11,5.86,6.28
2023-08-12,8.38,8.76
2023-08-13,14.81,18.35
2023-08-14,18.97,19.83
2023-08-15,18.99,22.21
2023-08-16,18.91,21.34
2023-08-17,18.38,22.07
2023-08-18,18.51,24.58
2023-08-19,19.11,24.61
2023-08-20,15.4,20.11
2023-08-21,15.96,19.75
2023-08-22,10.81,13.24
2023-08-23,4.81,4.55
2023-08-24,8.87,12.81
2023-08-25,17.91,22.17
2023-08-26,17.55,19.15
2023-08-27,11.59,12.71
2023-08-28,4.45,5.57
2023-08-29,3.71,4.4
2023-08-30,5.93,6.44
2023-08-31,15.6,17.7
2023-09-01,19.14,23.62
2023-09-02,19.81,23.11
2023-09-03,12.54,13.4
2023-09-04,10.79,11.18
2023-09-05,18.22,19.74
2023-09-06,19.01,15.79
2023-09-07,21.55,23.62
2023-09-08,21.59,23.35
2023-09-09,20.09,21.72
2023-09-10,17.03,18.74
2023-09-11,16.8,17.52
2023-09-12,16.53,17.9
2023-09-13,3.07,3.36
2023-09-14,10.96,11.61
2023-09-15,5.1,5.32
2023-09-16,6.7,6.27
2023-09-17,13.08,15.91
2023-09-18,14.4,15.85
2023-09-19,10.43,11.25
2023-09-20,2.26,1.81
2023-09-21,10.07,10.12
2023-09-22,18.72,19.87
2023-09-23,16.95,16.64
2023-09-24,18.13,18.56
2023-09-25,11.92,12.07
2023-09-26,2.91,2.58
2023-09-27,5.35,5.94
2023-09-28,14.07,16.14
2023-09-29,13.95,15.11
2023-09-30,9.47,8.76
2023-10-01,19.67,20.12
2023-10-02,18.89,19.69
2023-10-03,9.67,9.68
2023-10-04,11.94,14.14
2023-10-05,20.3,19.6
2023-10-06,17.12,16.85
2023-10-07,11.62,11
2023-10-08,7.46,7.57
2023-10-09,11.89,14.43
2023-10-10,16.58,17.78
2023-10-11,17.06,17.14
2023-10-12,17.01,15.57
2023-10-13,10.45,11.35
2023-10-14,6.45,7.11
2023-10-15,12.8,13.28
2023-10-16,17.77,17.46
2023-10-17,18.1,17.17
2023-10-18,13.93,13.49
2023-10-19,3.46,1.75
2023-10-20,18.48,16.11
2023-10-21,17.14,15.23
2023-10-22,15.74,14.6
2023-10-23,13.16,12.5
2023-10-24,8.76,6.25
2023-10-25,11.58,12.8
2023-10-26,7.09,8.92
2023-10-27,11.84,9.91
2023-10-28,14.01,14.44
2023-10-29,16.14,14.89
2023-10-30,14.61,13.21
2023-10-31,10.52,11.59
2023-11-01,3.23,2.69
2023-11-02,12.76,13.27
2023-11-03,5.93,7.24
2023-11-04,6.79,6.61
2023-11-05,3.97,3.72
2023-11-06,6.2,6.07
2023-11-07,15.85,14.26
2023-11-08,14.41,12.22
2023-11-09,7.31,7.23
2023-11-10,16.03,13.86
2023-11-11,11.4,9.91
2023-11-12,14.89,13.34
2023-11-13,15.8,13.47
2023-11-14,14.17,11.4
2023-11-15,11.27,8.31
2023-11-16,1.19,1.32
2023-11-17,7.9,7.54
2023-11-18,14.34,12.22
2023-11-19,8.39,7.1
2023-11-20,14.48,12.3
2023-11-21,14.06,12.15
2023-11-22,10.97,9.55
2023-11-23,9.7,8.72
2023-11-24,14.44,12.21
2023-11-25,14.51,12
2023-11-26,6.65,7.51
2023-11-27,2.15,3
2023-11-28,11.45,9.53
2023-11-29,5.87,5.63
2023-11-30,13.83,11.69
2023-12-01,13.99,11.49
2023-12-02,8.17,6.97
2023-12-03,13.09,11.08
2023-12-04,12.33,10.53
2023-12-05,9.36,8.47
2023-12-06,2.43,1.81
2023-12-07,10.55,9
2023-12-08,8.52,8.6
2023-12-09,4.97,5.34
2023-12-10,8.33,7.53
2023-12-11,1.14,1.27
2023-12-12,6.32,5.84
2023-12-13,7.33,5.62
2023-12-14,1.16,1.45
2023-12-15,1.13,1.25
2023-12-16,2.46,4.04
2023-12-17,9.13,11.05
2023-12-18,5.56,6.66
2023-12-19,5.72,5.87
2023-12-20,4.99,8.93
2023-12-21,10.14,10.86
2023-12-22,11.41,10.85
2023-12-23,11.55,10.37
2023-12-24,9.7,10.1
2023-12-25,3.23,5.72
2023-12-26,9.57,10.06
2023-12-27,10.66,8.96
2023-12-28,8.45,7.55
2023-12-29,7.26,6.08
2023-12-30,0.36,1.04
2023-12-31,2.11,2.35
